class,image_count
1369068,803
1360257,773
1737559,750
1741625,680
1414366,654
1743246,648
1737669,642
1363575,633
1394359,633
1359160,622
1358610,618
1356729,616
1358500,614
1356290,612
1360607,610
1400151,607
1357416,606
1722433,605
1394624,605
1359162,604
1363988,602
1391375,602
1359676,601
1356308,600
1737508,599
1391368,596
1356793,595
1356609,593
1356455,592
1390952,591
1363698,590
1743245,589
1397356,589
1364046,588
1358543,587
1359616,587
1363362,586
1426015,586
1360449,585
1722630,585
1395026,585
1362009,584
1363142,580
1668240,580
1360547,579
1356458,579
1359677,578
1356576,577
1363832,575
1412585,574
1396503,571
1400126,570
1388787,568
1356208,568
1363813,565
1737588,565
1397383,564
1356567,561
1361743,558
1358613,558
1361864,556
1394952,555
1361710,553
1356608,552
1360323,550
1391354,550
1397307,550
1359658,549
1389550,549
1395193,546
1362963,542
1396802,541
1358713,539
1414356,538
1359675,538
1391434,538
1741903,536
1360324,536
1738846,536
1360262,535
1365253,535
1743242,535
1356457,532
1363687,532
1393365,531
1360260,531
1391958,531
1743352,531
1360316,530
1356792,527
1357413,526
1392236,525
1356460,525
1360290,525
1360326,523
1363624,522
1722522,521
1397301,520
1393639,518
1396797,517
1397419,515
1363764,514
1362987,513
1418211,512
1722501,512
1398690,511
1422217,509
1356062,509
1356464,507
1395765,507
1360161,507
1356570,505
1395507,504
1397985,503
1360259,503
1395014,503
1392041,502
1356781,501
1359659,501
1364152,501
1360293,500
1392433,500
1394617,500
1363947,499
1396710,499
1355936,499
1394357,498
1360358,498
1397608,498
1392770,497
1357635,497
1362746,497
1362486,497
1363999,496
1363268,496
1397422,496
1363173,496
1356200,496
1360614,495
1360549,495
1395150,495
1356094,495
1392475,494
1363660,494
1397543,494
1393275,494
1362982,494
1360450,494
1360385,494
1359662,494
1393613,494
1361742,493
1363642,493
1395020,493
1414367,492
1363706,492
1361947,492
1394426,492
1362447,492
1403436,492
1393364,492
1357875,491
1363728,491
1394969,491
1364170,491
1397459,491
1363226,491
1356079,490
1359678,490
1361953,490
1357244,490
1360801,489
1403435,489
1394994,489
1394591,489
1356017,489
1363651,489
1362399,489
1358494,488
1360317,488
1356217,488
1400148,488
1355968,488
1370859,488
1360275,488
1358609,488
1364173,487
1358684,487
1360739,487
1360350,487
1363909,487
1360334,487
1356786,487
1393525,487
1363987,486
1360132,486
1394509,486
1356603,486
1355937,485
1363227,485
1364164,485
1394611,485
1360671,485
1359760,484
1363336,484
1390095,484
1356282,484
1363997,484
1358454,484
1391410,484
1363216,484
1397579,483
1363901,483
1361669,483
1362856,483
1363707,483
1397460,483
1370072,483
1395343,483
1388727,482
1357009,482
1360345,482
1394647,482
1356394,482
1357950,482
1396002,482
1391103,482
1361792,482
1389022,481
1356476,481
1394563,481
1360451,481
1360744,481
1360319,481
1360322,481
1394608,481
1398163,481
1396078,481
1361702,481
1418584,481
1400122,481
1363261,481
1363199,481
1363598,481
1729464,481
1391104,480
1420379,480
1390584,480
1360318,480
1418419,480
1397552,480
1356268,480
1356063,480
1737463,480
1396803,480
1359620,480
1419915,480
1363801,480
1392777,479
1395329,479
1356320,478
1356167,478
1358617,478
1396336,478
1358503,478
1356134,478
1361900,477
1360354,477
1360141,477
1364160,477
1356276,476
1390680,475
1393526,474
1363236,474
1393638,474
1355898,474
1359216,474
1356790,472
1363128,470
1393366,469
1364145,469
1356022,469
1358950,469
1363996,468
1361790,468
1391488,468
1358846,467
1364079,466
1422615,465
1396337,465
1390972,465
1722409,465
1393800,465
1395035,465
1738592,464
1392660,464
1357495,464
1360566,463
1361000,462
1361801,462
1363908,462
1364138,462
1363358,461
1392353,461
1363850,461
1360182,460
1363778,460
1399886,460
1395204,460
1409148,458
1356012,458
1357560,457
1394616,457
1363501,457
1362283,457
1359681,457
1355901,457
1363994,457
1392697,457
1362040,457
1389510,456
1364157,456
1362100,456
1364059,455
1360271,454
1397475,454
1595800,454
1396122,454
1360495,452
1356023,452
1380273,451
1362380,451
1360120,451
1359020,450
1391408,449
1358446,449
1398112,448
1364049,448
1359686,448
1356158,447
1357723,447
1359575,447
1360989,447
1360590,446
1360761,446
1397308,445
1397506,445
1355994,445
1355872,444
1355882,444
1363732,443
1419901,443
1363878,443
1355990,443
1362327,443
1357492,443
1356382,443
1396709,443
1360338,442
1360300,442
1397535,442
1356052,442
1356109,442
1394955,441
1356398,441
1360457,441
1356985,441
1360155,441
1361863,440
1737557,440
1356803,440
1396760,439
1394612,439
1363705,438
1360330,438
1393412,438
1363835,437
1391361,437
1363212,437
1384485,437
1364065,437
1396978,436
1356066,435
1356091,435
1362427,435
1360187,435
1361960,435
1356257,435
1362912,435
1360222,434
1356448,434
1363500,434
1391652,434
1360711,433
1363460,433
1493740,433
1364060,433
1361307,433
1361514,433
1363889,433
1355908,433
1362946,432
1737545,431
1393787,431
1360588,430
1360433,430
1363676,429
1363910,429
1363882,429
1361759,428
1394967,428
1357096,428
1356295,428
1364090,428
1356013,428
1364100,428
1392753,427
1364143,427
1363481,427
1722605,427
1360811,427
1363339,427
1359635,427
1359296,426
1363508,426
1396197,426
1391823,426
1358752,425
1393615,425
1357872,425
1358689,425
1358525,425
1355964,424
1356784,424
1392943,424
1358134,424
1722520,424
1357105,423
1362842,423
1356571,423
1363730,423
1358742,423
1360557,422
1360898,422
1361847,421
1395200,421
1360676,420
1360548,420
1358203,420
1363483,420
1356396,420
1422218,420
1357438,420
1357630,420
1395785,420
1393748,419
1356064,419
1362294,419
1355870,419
1396832,419
1363638,418
1356171,418
1358770,418
1393534,418
1397299,418
1742109,417
1391037,417
1397402,417
1397375,417
1355977,417
1361109,417
1363328,417
1358654,416
1356067,416
1363884,416
1363897,416
1361926,415
1363442,415
1357059,415
1356303,415
1396512,415
1359172,415
1396952,415
1358682,415
1395477,415
1356123,415
1358789,415
1394605,414
1363671,414
1393600,414
1394419,414
1361075,414
1356785,414
1363733,414
1356007,414
1360638,413
1394744,413
1357111,413
1356078,413
1361497,413
1356082,412
1356333,412
1357330,412
1391110,411
1391226,411
1355969,411
1363386,411
1361012,411
1390687,411
1358257,411
1363130,411
1364167,411
1363424,410
1393370,410
1360185,410
1391192,410
1397332,410
1396060,410
1363101,409
1356040,409
1355995,409
1359680,409
1363953,409
1359517,409
1396970,408
1363603,408
1363991,408
1360193,407
1358340,407
1396305,407
1363475,407
1394558,407
1394526,407
1396055,407
1397619,407
1360159,406
1359485,406
1363883,406
1360570,406
1363468,406
1361819,406
1397256,406
1379532,406
1397327,405
1392155,405
1358614,405
1359845,405
1360550,404
1397594,404
1741754,404
1363906,404
1396638,404
1390637,404
1357617,404
1363433,403
1363886,403
1363770,403
1363978,403
1363595,403
1360860,403
1393446,403
1395913,403
1363461,402
1397110,402
1360348,402
1362406,402
1361501,402
1395903,402
1361543,402
1358024,402
1356597,402
1360978,401
1395151,401
1358501,401
1738735,401
1396971,401
1393653,401
1418597,401
1363250,401
1361106,401
1396955,401
1358140,400
1356634,400
1390300,400
1356168,400
1396214,400
1363129,400
1360145,400
1357697,400
1393277,400
1363803,399
1397395,399
1393241,399
1393219,399
1363699,399
1391425,399
1391922,399
1361020,399
1397373,399
1391501,399
1393331,399
1363293,398
1361329,398
1358766,398
1356286,398
1359804,398
1737578,398
1361569,398
1360793,398
1363021,397
1363490,397
1393519,397
1362417,397
1397399,396
1362485,396
1359450,396
1360247,396
1440300,396
1393874,396
1364039,395
1363458,395
1388913,395
1419076,395
1356314,395
1367432,395
1721637,395
1667445,395
1363731,395
1356105,394
1722625,394
1363896,394
1391336,394
1395745,394
1363455,393
1418225,393
1363791,393
1356008,393
1360459,393
1356240,393
1358026,393
1390949,393
1358746,393
1432847,393
1397376,393
1364168,393
1392059,392
1361055,392
1393631,392
1396213,392
1363615,392
1356284,392
1355869,392
1721133,391
1358147,391
1356357,391
1391797,391
1363526,391
1361540,391
1356118,390
1356144,390
1397662,390
1392608,390
1397306,390
1358784,390
1357351,390
1397344,390
1398286,390
1396983,389
1391749,389
1397115,389
1722421,389
1396054,389
1356153,389
1361019,389
1393630,389
1392356,388
1357911,388
1360945,388
1363600,388
1357401,388
1741693,388
1392757,388
1393306,388
1361017,387
1409180,387
1361993,387
1743327,387
1356108,386
1362438,386
1389553,386
1720968,386
1360608,386
1364171,386
1356663,386
1359873,386
1356475,386
1391418,386
1363068,385
1400177,385
1391748,385
1361001,384
1358095,384
1391786,384
1363893,384
1359943,384
1356757,383
1363125,383
1393725,382
1356433,382
1391658,382
1358643,382
1358548,382
1362038,382
1359483,382
1395169,381
1362653,381
1356428,381
1737671,381
1361653,380
1356149,380
1392614,380
1362626,379
1395412,379
1394745,379
1359625,378
1391445,378
1392594,378
1360399,378
1360497,378
1395643,378
1356115,378
1480628,378
1391360,378
1393250,378
1359581,378
1360261,378
1357114,377
1397520,377
1364093,377
1358605,377
1361771,377
1357026,377
1389581,376
1357103,376
1397478,376
1395922,376
1359322,376
1358347,376
1357104,376
1390954,376
1400088,375
1358616,375
1362533,375
1395920,374
1361721,374
1426068,374
1400138,374
1728724,374
1360825,374
1394555,373
1363446,373
1358722,373
1363814,372
1357599,372
1602329,372
1363469,372
1356095,372
1397394,371
1363915,371
1356697,371
1391531,371
1361772,371
1396252,371
1361487,370
1356672,370
1393461,370
1396437,370
1728570,369
1356162,369
1473493,369
1357799,369
1400011,369
1397085,369
1722589,369
1364068,368
1395208,368
1392599,368
1358718,368
1363647,368
1360422,368
1397313,367
1737521,367
1356488,367
1411387,367
1356209,366
1363822,366
1390944,366
1389018,366
1355897,366
1356330,366
1738619,366
1360542,366
1356065,366
1391655,366
1396251,365
1363281,365
1360872,365
1363879,365
1392765,364
1356397,364
1394567,364
1396352,364
1358788,364
1397225,364
1360719,364
1392597,363
1357350,363
1413421,363
1393513,363
1396734,363
1361824,363
1360135,363
1360443,363
1394564,363
1424916,362
1361117,362
1361133,361
1357275,361
1360434,361
1359525,361
1737524,361
1358674,361
1357148,361
1357392,361
1359792,361
1393367,361
1364120,360
1391411,360
1396956,360
1390603,360
1357379,359
1398120,359
1363944,359
1391433,359
1394894,359
1393233,359
1392725,359
1357317,358
1393441,358
1392588,358
1397521,358
1393635,358
1389966,358
1363248,358
1397243,358
1408774,357
1363451,357
1397291,357
1737460,357
1396470,357
1391478,357
1395371,357
1357598,356
1358491,356
1356732,356
1382106,356
1392238,356
1363842,356
1419850,355
1358517,355
1357004,355
1356979,355
1357568,355
1408045,355
1357705,354
1397121,354
1357099,354
1360231,354
1357549,354
1392251,354
1392136,354
1359758,354
1393425,353
1361823,353
1356084,353
1360539,353
1392524,353
1364063,353
1363440,353
1356328,353
1363974,353
1361720,353
1397374,352
1361104,352
1393458,352
1390691,352
1397349,352
1396991,351
1409146,351
1356278,351
1363793,351
1357815,351
1396951,351
1358768,351
1390699,351
1391306,351
1386159,351
1358213,351
1356201,351
1357998,350
1391495,350
1357848,350
1357268,350
1356766,350
1364006,350
1363911,350
1357207,349
1356229,349
1360523,349
1397560,349
1362990,349
1360162,349
1392775,349
1391648,349
1412258,349
1729475,349
1395253,349
1363264,348
1363496,348
1392020,348
1364062,348
1396472,348
1392367,348
1399145,348
1360816,348
1393522,347
1711822,347
1363459,347
1395158,347
1391542,347
1389570,347
1358151,346
1393423,346
1391661,346
1361592,346
1393948,346
1356117,346
1393268,346
1393910,346
1360831,346
1360267,346
1393595,345
1396904,345
1389976,345
1359197,345
1390068,345
1359688,345
1359673,345
1391680,345
1359488,345
1391643,345
1397352,344
1392740,344
1363960,344
1360476,344
1355932,344
1363456,344
1364064,344
1397722,344
1358590,344
1363410,343
1358204,343
1356780,343
1364066,343
1362492,343
1363740,343
1392585,342
1400123,342
1364028,342
1363467,342
1737674,342
1393865,342
1397430,341
1356305,341
1395162,341
1397185,341
1355984,341
1360404,341
1359431,341
1360926,341
1393532,341
1357291,340
1364122,340
1357743,340
1361058,340
1477188,340
1358335,340
1396812,340
1390671,340
1391649,340
1397317,340
1360531,339
1363224,339
1356752,339
1363046,339
1361074,339
1397326,339
1362332,339
1363593,339
1738734,339
1397516,339
1397337,339
1743404,338
1420863,338
1392774,338
1356364,338
1358171,338
1399848,338
1388692,338
1358986,338
1361634,338
1361335,338
1357711,337
1358507,337
1392516,337
1394627,337
1359959,337
1397503,337
1395639,337
1360328,337
1360878,337
1361650,337
1393897,337
1400176,336
1361572,336
1361516,336
1363148,336
1414353,336
1358126,336
1358094,336
1395100,335
1396487,335
1359772,335
1360995,335
1397437,335
1391724,335
1361654,335
1391896,334
1413349,334
1391301,334
1392654,334
1363232,334
1364067,334
1359138,334
1360595,334
1396424,334
1739163,334
1400016,334
1393304,334
1412241,334
1395852,333
1360701,333
1392527,333
1393466,333
1397433,333
1358416,333
1359181,333
1359124,333
1360931,333
1398449,333
1356133,332
1359168,332
1363324,332
1396435,332
1361656,332
1389228,332
1392129,332
1359548,332
1360814,332
1362648,332
1359161,332
1397302,331
1392176,331
1393369,331
1393792,331
1392156,331
1418412,331
1426004,331
1393703,331
1362350,331
1359442,331
1358622,331
1359498,330
1362499,330
1458391,330
1362353,330
1396289,330
1364031,330
1397507,330
1393976,329
1393231,329
1358706,329
1400063,329
1359333,329
1360555,329
1397412,329
1392560,329
1395667,329
1359978,329
1556072,329
1556750,329
1359297,328
1396511,328
1359452,328
1374048,328
1364029,328
1722516,328
1357546,328
1397367,328
1741909,328
1394592,327
1358624,327
1359009,327
1393025,327
1356075,327
1360297,327
1392438,327
1363993,327
1361682,327
1357867,327
1356111,327
1361635,326
1394924,326
1394057,326
1355971,326
1396186,326
1359649,326
1355886,326
1363214,326
1359627,326
1363487,326
1358105,326
1394459,326
1360313,325
1356277,325
1361760,325
1392746,325
1396824,325
1355884,325
1395911,325
1361195,325
1363799,325
1363849,325
1359410,325
1355935,324
1356126,324
1359268,324
1360203,324
1394742,324
1359562,324
1356215,324
1363920,324
1364085,324
1391394,324
1408638,324
1362985,323
1393418,323
1397387,323
1403870,323
1391736,323
1393221,323
1358572,323
1390943,323
1361800,323
1358876,323
1395638,323
1361829,322
1362441,322
1358509,322
1394643,322
1359761,322
1395601,322
1360674,322
1394877,322
1358747,322
1363283,322
1394636,322
1362194,322
1359413,322
1356575,322
1357126,322
1411388,321
1358003,321
1392521,321
1360790,321
1743495,321
1383635,321
1392749,321
1432292,321
1389974,321
1389833,321
1396843,321
1359835,320
1360999,320
1364127,320
1357770,320
1418439,320
1358969,319
1359519,319
1359344,319
1392622,319
1364172,319
1360759,319
1361711,319
1394527,318
1737543,318
1392592,318
1361636,318
1393169,318
1397391,318
1356136,318
1395210,318
1394038,318
1394830,318
1396446,318
1357176,318
1355907,318
1437978,317
1362019,317
1392250,317
1397358,317
1392661,317
1395553,317
1360489,317
1390669,317
1362462,317
1399913,317
1394319,317
1393021,317
1396175,317
1355972,317
1361574,316
1396399,316
1361626,316
1738123,316
1392158,316
1358751,316
1360101,316
1396984,315
1390663,315
1743801,315
1358785,315
1363892,315
1396117,315
1397420,315
1392748,315
1411968,315
1363332,315
1399885,315
1363329,315
1396485,315
1380238,315
1391596,315
1359545,315
1356106,315
1359965,314
1392412,314
1391099,314
1364032,313
1391727,313
1363737,313
1737461,313
1360998,313
1362429,313
1359321,313
1394906,312
1722416,312
1356709,312
1396028,312
1363802,312
1356361,312
1369309,312
1581623,312
1357742,312
1357603,312
1397522,312
1392161,312
1400144,311
1360116,311
1362473,311
1363972,311
1738967,311
1360307,311
1363180,311
1362465,311
1491358,311
1360897,311
1361652,311
1360709,310
1359860,310
1356159,310
1359266,310
1356310,310
1548459,310
1364019,310
1397403,310
1397549,310
1361673,310
1361747,310
1392612,310
1391697,310
1394851,310
1397114,310
1396489,309
1356588,309
1397392,309
1397366,309
1560691,309
1391953,309
1395940,309
1364058,309
1391994,309
1359079,309
1361883,309
1355978,309
1399973,309
1363887,309
1360968,309
1391310,309
1356817,308
1359006,308
1360468,308
1356214,308
1359169,308
1398122,308
1358349,308
1361685,308
1391747,308
1396272,308
1357868,308
1397479,308
1393782,308
1392096,308
1393770,308
1360406,308
1399865,308
1362443,308
1358113,308
1356595,308
1395045,308
1722514,307
1398128,307
1418201,307
1397336,307
1363218,307
1408121,307
1393584,307
1391028,307
1364048,307
1363217,307
1397432,307
1396301,306
1493747,306
1361492,306
1363337,306
1356180,306
1389311,306
1407911,306
1357526,306
1358710,306
1390740,306
1397508,306
1359639,306
1360562,306
1363213,306
1359752,305
1363165,305
1356939,305
1360798,305
1357608,305
1396919,305
1397353,305
1356942,305
1393989,305
1358511,305
1357227,305
1364154,305
1362422,305
1396416,305
1356843,305
1397340,305
1356300,305
1396792,305
1363749,305
1419917,305
1393877,305
1357968,305
1359182,304
1718548,304
1359973,304
1362951,304
1359981,304
1361081,304
1743211,304
1397518,303
1363275,303
1391092,303
1396180,303
1394749,303
1393276,303
1390666,303
1355868,303
1360153,303
1393122,303
1393773,303
1391518,303
1356692,303
1359757,302
1359668,302
1391112,302
1394250,302
1414354,302
1356469,302
1393878,302
1363734,302
1363229,301
1737424,301
1397329,301
1363267,301
1400175,301
1389635,301
1359596,301
1728573,301
1397486,301
1356086,301
1358592,301
1396476,300
1721018,300
1360925,300
1361050,300
1392805,300
1740404,300
1356154,300
1391853,300
1360771,300
1741650,300
1361637,300
1400187,300
1356472,300
1393929,300
1359081,299
1364151,299
1392534,299
1397461,299
1392505,299
1355881,299
1391989,299
1374114,299
1390653,299
1364016,299
1356905,299
1391759,299
1393783,299
1728568,299
1718504,299
1723120,299
1397025,299
1396261,298
1360841,298
1389369,298
1392891,298
1357314,298
1361078,298
1359750,298
1396137,298
1391476,298
1360971,298
1390674,298
1364040,298
1391605,298
1362246,298
1396210,298
1397368,298
1394759,298
1396018,298
1363402,298
1517561,298
1361691,298
1389576,297
1358671,297
1356045,297
1359086,297
1361245,297
1361535,297
1397462,297
1397372,297
1360164,297
1370637,297
1362952,297
1358716,297
1360520,297
1493766,297
1360861,297
1396484,296
1392628,296
1357320,296
1358386,296
1389627,296
1397048,296
1358854,296
1361701,296
1360075,296
1396937,296
1361519,296
1357652,296
1397971,296
1393708,296
1391757,296
1358505,296
1397505,295
1392167,295
1393494,295
1393682,295
1363885,295
1397512,295
1391161,295
1743865,295
1356422,295
1359284,295
1683819,295
1396486,295
1396296,295
1394980,295
1737591,295
1728592,294
1737652,294
1400101,294
1394613,294
1394479,294
1361898,294
1392402,294
1356583,294
1358318,293
1356294,293
1363815,293
1392568,293
1357771,293
1390659,293
1391304,293
1360006,293
1393517,292
1356804,292
1396093,292
1359669,292
1389405,292
1397123,292
1362892,292
1363326,292
1363769,292
1392187,292
1359578,292
1394640,292
1737522,292
1396969,292
1358413,292
1392931,291
1392679,291
1391424,291
1393445,291
1391796,291
1393607,291
1361996,291
1395973,291
1394279,291
1396976,291
1422693,290
1358289,290
1396883,290
1397480,290
1394910,290
1361533,290
1362251,290
1397345,290
1357953,290
1392538,290
1397077,289
1397107,289
1397450,289
1394593,289
1362899,289
1396713,289
1397303,289
1743107,289
1358827,289
1356107,289
1396191,289
1395949,288
1356538,288
1361510,288
1394548,288
1720971,288
1359871,288
1393214,288
1363858,288
1667948,288
1392626,288
1396234,287
1394983,287
1362645,287
1392052,287
1358552,287
1395867,287
1361687,287
1358745,287
1394730,286
1393651,286
1418359,286
1360613,286
1390725,286
1363179,286
1388802,286
1363610,286
1388801,286
1394478,285
1363729,285
1389059,285
1394603,285
1388812,285
1359274,285
1737651,285
1361089,285
1362454,285
1360982,285
1647128,285
1392520,284
1722435,284
1396099,284
1360985,284
1397514,284
1356395,284
1395686,284
1359029,284
1356857,284
1362711,284
1359622,284
1358851,284
1356304,283
1396390,283
1359601,283
1393646,283
1358469,283
1363341,283
1728588,283
1392384,283
1358852,283
1356323,282
1389495,282
1396308,282
1701758,282
1400134,282
1392248,282
1358595,282
1356355,282
1397491,282
1356674,281
1360507,281
1396742,281
1389589,281
1358515,281
1364114,281
1359195,281
1358322,280
1361087,280
1392556,280
1359205,280
1397533,280
1723194,280
1382107,279
1389590,279
1395868,279
1363914,279
1393515,279
1358699,279
1355900,279
1389244,279
1722407,279
1358925,279
1394775,278
1729566,278
1362256,278
1369508,278
1396165,278
1360229,278
1363941,278
1391074,278
1358333,278
1391868,278
1393762,278
1396934,278
1397490,277
1425584,277
1363116,277
1391350,277
1395174,277
1358985,277
1363477,277
1393632,277
1397500,277
1395977,277
1394988,277
1356646,277
1363421,276
1361024,276
1737667,276
1364141,276
1739196,276
1391833,276
1391733,275
1358866,275
1390640,275
1363191,275
1473200,275
1393200,275
1509310,274
1397542,274
1357465,274
1359645,274
1397354,274
1362940,274
1358564,274
1721312,274
1390962,274
1360226,274
1722619,274
1737523,274
1356341,274
1363794,274
1359734,274
1359398,274
1359298,273
1395114,273
1391305,273
1393699,273
1525142,273
1384482,273
1390486,273
1398435,273
1363506,273
1397466,273
1356044,273
1360219,273
1389265,273
1422166,272
1362360,272
1392587,272
1394366,272
1358581,272
1396809,272
1357321,272
1395870,272
1360859,272
1392741,271
1360137,271
1359979,271
1362495,271
1361957,271
1418380,271
1392487,271
1391357,271
1394019,271
1357100,271
1389978,271
1389268,271
1397279,270
1393518,270
1356871,270
1356145,270
1361394,270
1355871,270
1409132,270
1391154,270
1393779,270
1722578,269
1359592,269
1400052,269
1358478,269
1356574,269
1395000,269
1360510,269
1400081,269
1392632,269
1419487,269
1355934,269
1720975,269
1357120,269
1397509,269
1360127,268
1389567,268
1392067,268
1741776,268
1356502,268
1361080,268
1358700,268
1359209,268
1358428,268
1394840,268
1360478,268
1395044,267
1359754,267
1358717,267
1418701,267
1361057,267
1361660,267
1721301,267
1392581,267
1357070,267
1398721,267
1374231,267
1394898,267
1412238,267
1373840,267
1358701,267
1390638,266
1392363,266
1395843,266
1363875,266
1360299,266
1392102,266
1396483,266
1360327,266
1359892,265
1360398,265
1392704,265
1408866,265
1361581,265
1356024,265
1743984,265
1356629,265
1362102,265
1411890,265
1434347,265
1361623,265
1389328,265
1397431,265
1393850,265
1390665,265
1355967,265
1358112,264
1391159,264
1390495,264
1362719,264
1395628,264
1376006,264
1355927,264
1397338,264
1363871,264
1358506,264
1363253,264
1361002,264
1362489,264
1356211,264
1363491,264
1392025,264
1358038,263
1390706,263
1390058,263
1395646,263
1356404,263
1395292,263
1359573,262
1357769,262
1362433,262
1358099,262
1361694,262
1397502,262
1672063,262
1390953,262
1359739,262
1586076,262
1391113,262
1360558,262
1355885,262
1392681,261
1391197,261
1389975,261
1395085,261
1359508,261
1394451,261
1450656,261
1403445,261
1396474,261
1701831,261
1741807,261
1397470,261
1361541,261
1363674,261
1393845,261
1650228,261
1389603,260
1363703,260
1392552,260
1394399,260
1743944,260
1505776,260
1359320,260
1363838,260
1391184,260
1411651,260
1360306,260
1359082,260
1357594,260
1393946,260
1360054,259
1392631,259
1356852,259
1742400,259
1396398,259
1397398,259
1395489,259
1358963,259
1363138,259
1392121,259
1361598,259
1359547,259
1391349,259
1472365,259
1363452,259
1361985,259
1389345,259
1357700,258
1437724,258
1391489,258
1357542,258
1417760,258
1389251,258
1414294,258
1390967,258
1546251,258
1743313,257
1391303,257
1356331,257
1391209,257
1390997,257
1360223,257
1359443,257
1356069,257
1363579,256
1389368,256
1395117,256
1395081,256
1397273,256
1360363,256
1359331,256
1609772,256
1394049,256
1358653,256
1357951,256
1392682,256
1392445,256
1743249,256
1364146,256
1391798,256
1390702,256
1396965,256
1389206,255
1361090,255
1360445,255
1360133,255
1360158,255
1392431,255
1357773,255
1396426,255
1391666,255
1393274,255
1357870,255
1361959,255
1391810,255
1362745,255
1394470,255
1395222,255
1357521,254
1392559,254
1393965,254
1391402,254
1738936,254
1363708,254
1396491,254
1361418,254
1361969,254
1359847,254
1396842,254
1361850,254
1364108,254
1382174,254
1742627,254
1393610,254
1397049,254
1393652,254
1397488,254
1393547,254
1737422,254
1391332,254
1521427,254
1393224,254
1362135,253
1361703,253
1391330,253
1396095,253
1362375,253
1380655,253
1736367,253
1487336,253
1392440,253
1392066,253
1398636,253
1357809,253
1359497,253
1400084,253
1737666,253
1361891,253
1359579,252
1395962,252
1392190,252
1359565,252
1393906,252
1739022,252
1737676,252
1393939,252
1392973,252
1364158,252
1361351,252
1356317,252
1722454,252
1743953,252
1472008,252
1361666,252
1389282,251
1360412,251
1486725,251
1391753,251
1363292,251
1392898,251
1420711,251
1359208,251
1363409,251
1722705,251
1363618,251
1396267,251
1737440,251
1398656,251
1650970,251
1393684,251
1394542,250
1392178,250
1427744,250
1426115,250
1393228,250
1398805,250
1358939,250
1471620,250
1360618,250
1361806,250
1722490,250
1417804,250
1364061,250
1486726,250
1395602,250
1363659,250
1361764,249
1360342,249
1363992,249
1722546,249
1396310,249
1363149,249
1426085,249
1396015,249
1361859,249
1410243,249
1397255,249
1360196,249
1392658,249
1392637,249
1390038,249
1744843,248
1393449,248
1398369,248
1382844,248
1391419,248
1418200,248
1396889,248
1394987,248
1362516,248
1423209,248
1358683,248
1432743,248
1357198,248
1392723,248
1393714,248
1393397,248
1722403,248
1358733,248
1358853,247
1737458,247
1363555,247
1741819,247
1359530,247
1360110,247
1743236,247
1361157,247
1396115,247
1393254,247
1391458,247
1360272,247
1392721,247
1738789,247
1361820,247
1397331,247
1391550,246
1392491,246
1359528,246
1737590,246
1363225,246
1395190,246
1658529,246
1662963,246
1397341,246
1399232,246
1362488,246
1396063,246
1393790,246
1417798,246
1358019,246
1421285,246
1364147,246
1356654,246
1363287,246
1394536,246
1363544,246
1361225,246
1393873,246
1362967,246
1362024,246
1390933,246
1356321,246
1396871,246
1356778,245
1392172,245
1356431,245
1743803,245
1356591,245
1363926,245
1738658,245
1393524,245
1357459,245
1363403,245
1392418,245
1360902,245
1400104,245
1362225,245
1721513,245
1392652,245
1420444,245
1722506,245
1360802,245
1479511,245
1742051,245
1393183,245
1361302,245
1729043,245
1389334,245
1361708,245
1391023,244
1363505,244
1603775,244
1357574,244
1394477,244
1400062,244
1355941,244
1696454,244
1359279,244
1391409,244
1393475,244
1393247,244
1363639,244
1737633,244
1355986,244
1417843,244
1389028,244
1358302,244
1395953,244
1398830,244
1388809,244
1654010,244
1393571,244
1359551,244
1360188,244
1711843,244
1722671,243
1396330,243
1361005,243
1358352,243
1397363,243
1360582,243
1438122,243
1407739,243
1388941,243
1356975,243
1744046,243
1362325,243
1361155,243
1684017,243
1357966,243
1425420,243
1555288,242
1395495,242
1357556,242
1363945,242
1357325,242
1395297,242
1457846,242
1737515,242
1741690,242
1360143,242
1396806,242
1360763,242
1392339,242
1390851,242
1362309,242
1393921,242
1393262,242
1396206,242
1356345,242
1397983,242
1364089,242
1363259,242
1400145,241
1458768,241
1655199,241
1357285,241
1711782,241
1358681,241
1359853,241
1426005,241
1356733,241
1363917,241
1397325,241
1356245,241
1393872,241
1661341,241
1738641,241
1396319,241
1363249,241
1397328,241
1388785,240
1392715,240
1399609,240
1646703,240
1361732,240
1394724,240
1393213,240
1737479,240
1394282,240
1437245,240
1393743,240
1362232,240
1397347,240
1357187,240
1397056,240
1360935,240
1391963,240
1357643,240
1394064,240
1360204,240
1390778,240
1408094,240
1361885,240
1396032,240
1400143,240
1394547,239
1360951,239
1393160,239
1396497,239
1392182,239
1397418,239
1363472,239
1389492,239
1363904,239
1392662,239
1363798,239
1357593,239
1361361,239
1742099,239
1397551,239
1730704,239
1397161,239
1356770,239
1458390,239
1356150,239
1363498,239
1721558,239
1361663,239
1393933,238
1357358,238
1363946,238
1361347,238
1545589,238
1392621,238
1363110,238
1359762,238
1360565,238
1396313,238
1411051,238
1722509,238
1393245,238
1391345,238
1397547,238
1413865,238
1363534,237
1394595,237
1397517,237
1737421,237
1356350,237
1391793,237
1657500,237
1392574,237
1423167,237
1419871,237
1357448,237
1356669,237
1737493,237
1396241,236
1394037,236
1393253,236
1684175,236
1363859,236
1394059,236
1392636,236
1361603,236
1359740,236
1389979,236
1364069,236
1582853,236
1356228,236
1399577,236
1396751,236
1395936,236
1442193,236
1481537,236
1628961,236
1399151,236
1361528,235
1377901,235
1479393,235
1357805,235
1396373,235
1359733,235
1359486,235
1358881,235
1361805,235
1391967,235
1359276,235
1356147,235
1390801,235
1362363,235
1517773,235
1396316,235
1397314,235
1481437,235
1403109,235
1396422,235
1362340,235
1362716,235
1359222,234
1398261,234
1398264,234
1397414,234
1362044,234
1395721,234
1558087,234
1363891,234
1396838,234
1362023,234
1743804,234
1360383,234
1361168,234
1358703,234
1394968,234
1741934,234
1361151,234
1359489,233
1391152,233
1395636,233
1425895,233
1393488,233
1357722,233
1737497,233
1395001,233
1737645,233
1359767,233
1388770,233
1358164,233
1356432,233
1356058,233
1355914,233
1391807,233
1363016,233
1362729,233
1358176,233
1397451,233
1743354,233
1391952,233
1361376,233
1396640,233
1413783,232
1393975,232
1397725,232
1392819,232
1397074,232
1363136,232
1399567,232
1396898,232
1396464,232
1382101,232
1397534,232
1358357,232
1361437,232
1393710,232
1390269,232
1363553,232
1358906,232
1391298,232
1741600,232
1398803,232
1394341,232
1363219,232
1360965,232
1394677,232
1358320,231
1393619,231
1359834,231
1743818,231
1361296,231
1398725,231
1394332,231
1397108,231
1486742,231
1397545,231
1390870,231
1558882,231
1360874,231
1391025,231
1360419,231
1355950,231
1393411,231
1392430,231
1739189,231
1361284,231
1394767,230
1356373,230
1390966,230
1393419,230
1393473,230
1398494,230
1396429,230
1393002,230
1397137,230
1563105,230
1360808,230
1360713,230
1382784,230
1361786,230
1361914,230
1393406,230
1394945,230
1363894,230
1393321,230
1391619,230
1362687,230
1394523,230
1393789,230
1398182,230
1364155,230
1394828,229
1358207,229
1743356,229
1358968,229
1400086,229
1393251,229
1389058,229
1358103,229
1361077,229
1357142,229
1397129,229
1356568,229
1363504,229
1393506,229
1363933,229
1360092,229
1396138,229
1397442,229
1394377,229
1359154,229
1356500,229
1652525,229
1742113,229
1359342,229
1388916,229
1393681,228
1393442,228
1739035,228
1396295,228
1359010,228
1564513,228
1356489,228
1392591,228
1569358,228
1357992,228
1374758,228
1361256,228
1395935,228
1396208,228
1667464,228
1420825,228
1361281,228
1357212,228
1524939,228
1390955,228
1363447,228
1357962,228
1394598,228
1397697,228
1389705,228
1397408,227
1393625,227
1648657,227
1360864,227
1391351,227
1363551,227
1362361,227
1396128,227
1358860,227
1397038,227
1389573,227
1357109,227
1390945,227
1391122,227
1396253,227
1398471,227
1359511,227
1738627,227
1398553,227
1389511,227
1356901,227
1741590,227
1360335,227
1392495,227
1738947,226
1358460,226
1360269,226
1396340,226
1737585,226
1361174,226
1362273,226
1389718,226
1406473,226
1394813,226
1361158,226
1363772,226
1420448,226
1358071,226
1359590,226
1358932,226
1391044,226
1391743,226
1362369,226
1397046,226
1396203,226
1737447,226
1359139,225
1360767,225
1363005,225
1363872,225
1361129,225
1394737,225
1391235,225
1391094,225
1390756,225
1393828,225
1356461,225
1361723,225
1360130,225
1389568,225
1742055,224
1419283,224
1360381,224
1361165,224
1356791,224
1741706,224
1393604,224
1651891,224
1391503,224
1738946,224
1392016,224
1737701,224
1359444,224
1400135,224
1361704,224
1362650,224
1737693,224
1390761,224
1394583,224
1361206,224
1397802,224
1381315,224
1649856,224
1362576,224
1397477,224
1392699,224
1360400,224
1357098,224
1363739,224
1396758,224
1390957,224
1402995,224
1425238,224
1394074,223
1391851,223
1391250,223
1357332,223
1393457,223
1356297,223
1393953,223
1358553,223
1394732,223
1394990,223
1413732,223
1358355,223
1395366,223
1363735,223
1393788,223
1361069,223
1515981,223
1397942,223
1722441,222
1392244,222
1505431,222
1396168,222
1358351,222
1743539,222
1721729,222
1360901,222
1359726,222
1392680,222
1358627,222
1392971,222
1359589,222
1361099,222
1722693,222
1358946,222
1362898,222
1356353,222
1361306,222
1360416,222
1357361,222
1395664,222
1360148,222
1388890,222
1356596,222
1361605,221
1362183,221
1361526,221
1417741,221
1742100,221
1391163,221
1356822,221
1361373,221
1396188,221
1356947,221
1393017,221
1358750,221
1398631,221
1359937,221
1359521,221
1397519,221
1361153,221
1393377,221
1722444,221
1361739,221
1360208,221
1392598,221
1362236,221
1392078,220
1359301,220
1398675,220
1391887,220
1363952,220
1356169,220
1357997,220
1743220,220
1378797,220
1388786,220
1359664,220
1395807,220
1394445,220
1396140,220
1667197,220
1426088,220
1361368,219
1396179,219
1359423,219
1361548,219
1361781,219
1359944,219
1356346,219
1392232,219
1357862,219
1395538,219
1482204,219
1361112,219
1363630,219
1495413,219
1361338,219
1361052,219
1357303,219
1357130,219
1362928,219
1529116,219
1393823,219
1399572,219
1362451,219
1395669,219
1397248,219
1360962,219
1392164,218
1392400,218
1356160,218
1361912,218
1737699,218
1419294,218
1394867,218
1390807,218
1397583,218
1362697,218
1357456,218
1397193,218
1391878,218
1390734,218
1395742,218
1737519,218
1358379,218
1361123,218
1737540,218
1394573,218
1363622,218
1396085,218
1396098,218
1396097,218
1363522,218
1495504,218
1359952,218
1728709,218
1397421,218
1363181,218
1394850,217
1363413,217
1360303,217
1393754,217
1362005,217
1357681,217
1362289,217
1363045,217
1396144,217
1396042,217
1361042,217
1499416,217
1363658,217
1390782,217
1363800,217
1361088,217
1363507,217
1741813,217
1356623,217
1744311,217
1361753,217
1363322,217
1394985,216
1737483,216
1393536,216
1356129,216
1395722,216
1356984,216
1737583,216
1360637,216
1390995,216
1742087,216
1391312,216
1393225,216
1358132,216
1393026,216
1728571,216
1358167,216
1393994,216
1356046,216
1363753,216
1363474,216
1361190,216
1396754,216
1358884,215
1390345,215
1360142,215
1397455,215
1497667,215
1393947,215
1393981,215
1395690,215
1357404,215
1392064,215
1392420,215
1362394,215
1389320,215
1397406,215
1362424,215
1622914,215
1361573,215
1393657,215
1363359,215
1493749,214
1742852,214
1392093,214
1362442,214
1414365,214
1359684,214
1359424,214
1362730,214
1389240,214
1478279,214
1394789,214
1397039,214
1363317,214
1397476,214
1357561,214
1357970,214
1392047,214
1358760,214
1361594,214
1358782,214
1363489,214
1392509,214
1393591,214
1677641,214
1395991,214
1396676,214
1358561,213
1359774,213
1737507,213
1363625,213
1361587,213
1743299,213
1357269,213
1741645,213
1442235,213
1397536,213
1361053,213
1397416,213
1395134,213
1355989,213
1360981,213
1364165,213
1390934,213
1390803,213
1361031,213
1397423,213
1356318,213
1392417,213
1389249,213
1358858,213
1396411,213
1392427,213
1741589,213
1363738,213
1355899,213
1357080,213
1390786,212
1394800,212
1395287,212
1398589,212
1744243,212
1356839,212
1362903,212
1389307,212
1388915,212
1397045,212
1360367,212
1358101,212
1360910,212
1394533,212
1560693,212
1363741,212
1684024,212
1392541,212
1397322,212
1360652,212
1646238,212
1361233,212
1360420,212
1739015,212
1738800,212
1742115,212
1392676,212
1392785,211
1362307,211
1360863,211
1389728,211
1359051,211
1358214,211
1394785,211
1395966,211
1394364,211
1363401,211
1394577,211
1393317,211
1396088,211
1361092,211
1362531,210
1359231,210
1363434,210
1391752,210
1364133,210
1398253,210
1396228,210
1362811,210
1669394,210
1393665,210
1392535,210
1363006,210
1512539,210
1411700,210
1356296,210
1741608,210
1357122,210
1360347,210
1358097,210
1396473,210
1393257,210
1737425,210
1478753,210
1394360,210
1389650,210
1356359,209
1391457,209
1356691,209
1394857,209
1396492,209
1393587,209
1360205,209
1361647,209
1394630,209
1610792,209
1397871,209
1391876,209
1721516,209
1356599,209
1359712,209
1357453,209
1359880,209
1358704,209
1360378,209
1390849,209
1622901,208
1358219,208
1743250,208
1392767,208
1358615,208
1396167,208
1392015,208
1391148,208
1742523,208
1361326,208
1361124,208
1361304,208
1389346,208
1397698,208
1395194,208
1393342,208
1491329,208
1358797,208
1357060,208
1397498,208
1360312,208
1395466,208
1360325,208
1356055,208
1394463,208
1396585,208
1393215,208
1391881,208
1359557,208
1360147,208
1493744,208
1395727,207
1397396,207
1450109,207
1364007,207
1395097,207
1400125,207
1578171,207
1356835,207
1389977,207
1419971,207
1397524,207
1394729,207
1473210,207
1357023,207
1391190,207
1545855,207
1737647,207
1379585,207
1388905,207
1399738,207
1361143,207
1393643,207
1396992,207
1397234,206
1363420,206
1655003,206
1390864,206
1390780,206
1410190,206
1363700,206
1363302,206
1396745,206
1362929,206
1738699,206
1392567,206
1396835,206
1393702,206
1391507,206
1396143,206
1425334,206
1398353,206
1361568,206
1363675,206
1394916,206
1499343,206
1392523,206
1391143,206
1359685,206
1419225,206
1392566,206
1358577,205
1390652,205
1392407,205
1374876,205
1363170,205
1737428,205
1356919,205
1397361,205
1367431,205
1360311,205
1363860,205
1358918,205
1555067,205
1478916,205
1356362,204
1392222,204
1398272,204
1392128,204
1673274,204
1392193,204
1361082,204
1356874,204
1361047,204
1390837,204
1399739,204
1393990,204
1398569,204
1355992,204
1382119,204
1359802,204
1397104,204
1359502,204
1356337,204
1397037,204
1424208,204
1390655,204
1436064,203
1394421,203
1396980,203
1390779,203
1360437,203
1363282,203
1360184,203
1390623,203
1741626,203
1399923,203
1397350,203
1522233,203
1360715,203
1394416,203
1394944,203
1361072,203
1397515,202
1493352,202
1397168,202
1397084,202
1394345,202
1516081,202
1396405,202
1362238,202
1396769,202
1738042,202
1389990,202
1356089,201
1356619,201
1357293,201
1358821,201
1393605,201
1391427,201
1393307,201
1364037,201
1358744,201
1393602,201
1360658,201
1738847,201
1738749,201
1359569,201
1738935,201
1396507,201
1358761,201
1358350,201
1418192,201
1356367,201
1391309,201
1397251,201
1360217,201
1391960,201
1397531,201
1358573,201
1359988,201
1398791,200
1396716,200
1388990,200
1743938,200
1357124,200
1691401,200
1356882,200
1400142,200
1736442,200
1395285,200
1395942,200
1358748,200
1419245,200
1360943,200
1420364,200
1398116,200
1424411,200
1473025,200
1737441,200
1741624,200
1722545,200
1361207,200
1355987,199
1361842,199
1381430,199
1396867,199
1358206,199
1392718,199
1391294,199
1356440,199
1390902,199
1360417,199
1451777,199
1361369,199
1394848,199
1358620,199
1356598,199
1396094,199
1393830,199
1742953,199
1361316,199
1391100,199
1391144,199
1397182,199
1694379,199
1395990,199
1396145,199
1359288,199
1357182,199
1359347,199
1356883,198
1396509,198
1391498,198
1390673,198
1391750,198
1378563,198
1422538,198
1722436,198
1395945,198
1741833,198
1390927,198
1396057,198
1390887,198
1393407,198
1391716,198
1360104,198
1392124,198
1398124,198
1356400,198
1357817,198
1392461,198
1357934,198
1355991,198
1743598,198
1394443,198
1390532,198
1391355,197
1394811,197
1357715,197
1395937,197
1364131,197
1408867,197
1646254,197
1356768,197
1360129,197
1393486,197
1389717,197
1741614,197
1732737,197
1363550,197
1363499,197
1478634,196
1358196,196
1386773,196
1356494,196
1356390,196
1397339,196
1356657,196
1397135,196
1363133,196
1356442,196
1360352,196
1362620,196
1361944,196
1739184,196
1391790,196
1395758,196
1357816,196
1394036,196
1398816,196
1395101,196
1389597,196
1392759,195
1393258,195
1359885,195
1396077,195
1361706,195
1361148,195
1743071,195
1741669,195
1396837,195
1362162,195
1363670,195
1361073,195
1357964,195
1391723,195
1360140,195
1390658,195
1361524,195
1363441,195
1394530,195
1393299,195
1398099,195
1359283,195
1361709,195
1391513,195
1412857,195
1392769,194
1356307,194
1393640,194
1361604,194
1356368,194
1363274,194
1361511,194
1361308,194
1394589,194
1412867,194
1394793,194
1358514,194
1425884,194
1391775,194
1396169,194
1390884,194
1390879,193
1390800,193
1397424,193
1646528,193
1356054,193
1392439,193
1361402,193
1389980,193
1737420,193
1393450,193
1359650,193
1357277,193
1390931,193
1361585,193
1397510,193
1394540,193
1360304,193
1743300,193
1397300,193
1358625,193
1742959,192
1397378,192
1722521,192
1393460,192
1391371,192
1396189,192
1737660,192
1638029,192
1396744,192
1356387,192
1726144,192
1393977,192
1357289,192
1392745,192
1359895,192
1392579,192
1389815,192
1397513,191
1393456,191
1360903,191
1363134,191
1400156,191
1356873,191
1395217,191
1392467,191
1359841,191
1356427,191
1359510,191
1739038,191
1394414,191
1361130,191
1361889,191
1363840,191
1358182,191
1396717,191
1361045,191
1391847,191
1393496,191
1359127,191
1393318,190
1394469,190
1360152,190
1741564,190
1393552,190
1395715,190
1743393,190
1359987,190
1358062,190
1664614,190
1389984,190
1396375,190
1356587,190
1396726,190
1394571,190
1391078,190
1357736,190
1737650,190
1397389,190
1393320,190
1392747,189
1396961,189
1362192,189
1359099,189
1362403,189
1356399,189
1390785,189
1362348,189
1391509,189
1394604,189
1392198,189
1550275,189
1741451,188
1359193,188
1391961,188
1396940,188
1363478,188
1363223,188
1356564,188
1396370,188
1743651,188
1397680,188
1359735,188
1741767,188
1392309,188
1394362,188
1360407,187
1558164,187
1722696,187
1379513,187
1389450,187
1396759,187
1362331,187
1394044,187
1358749,187
1361547,187
1394984,187
1390898,187
1393333,187
1359537,187
1359076,187
1390956,187
1431896,187
1359572,186
1394395,186
1397067,186
1418294,186
1359856,186
1391331,186
1363182,186
1397371,186
1357812,186
1393403,186
1357185,186
1419109,186
1359970,186
1359374,186
1397334,186
1398657,186
1418618,186
1394335,186
1360578,186
1397413,186
1398644,186
1397365,186
1396780,185
1394412,185
1398310,185
1395559,185
1393771,185
1397061,185
1359603,185
1361028,185
1397126,185
1356401,185
1361091,185
1390856,185
1363476,185
1742052,185
1392952,185
1398930,185
1395805,185
1394884,184
1383109,184
1362600,184
1673127,184
1390641,184
1394551,184
1737494,184
1361412,184
1742050,184
1742179,184
1359612,184
1359356,184
1361095,184
1394246,184
1361698,184
1362592,184
1362269,184
1363497,184
1400029,184
1360175,184
1395111,184
1738594,184
1356528,183
1357981,183
1363257,183
1743926,183
1646266,183
1737558,183
1394060,183
1356352,183
1701506,183
1390795,183
1394326,183
1361367,183
1394838,183
1391755,183
1390836,183
1393636,183
1719822,182
1398184,182
1532449,182
1363898,182
1356281,182
1398519,182
1414387,182
1528543,182
1355970,182
1397499,182
1358222,182
1356275,182
1361986,182
1396116,182
1560697,182
1358295,182
1722569,182
1394449,182
1563038,182
1389463,182
1389945,182
1418688,182
1357455,182
1472681,181
1394911,181
1357045,181
1396314,181
1397324,181
1359950,181
1395952,181
1389580,181
1395821,181
1449488,181
1393679,181
1699423,181
1397527,181
1393270,181
1666569,181
1362293,180
1391809,180
1737429,180
1357043,180
1441034,180
1743304,180
1396736,180
1359587,180
1417838,180
1394865,180
1356083,180
1412367,180
1362481,180
1363454,180
1390863,179
1357980,179
1545372,179
1390093,179
1390963,179
1394638,179
1359148,179
1392130,179
1399771,179
1646477,179
1356379,179
1741654,179
1397487,179
1357566,179
1389740,179
1397043,179
1503729,179
1359368,179
1724565,178
1358685,178
1397464,178
1356471,178
1452062,178
1363266,178
1393943,178
1389424,178
1398319,178
1391840,178
1360800,178
1391358,178
1647187,178
1359637,178
1357663,178
1722590,178
1743383,178
1394798,178
1393945,178
1357011,177
1359392,177
1394997,177
1393862,177
1666972,177
1392600,177
1393885,177
1359570,177
1358504,177
1394663,177
1359246,177
1356976,177
1359036,177
1355902,177
1361051,177
1356589,177
1392515,177
1362901,177
1361389,177
1394581,176
1391709,176
1358885,176
1357025,176
1397867,176
1358185,176
1741655,176
1362525,176
1397330,176
1360448,176
1359227,176
1392024,176
1356771,176
1737632,176
1392657,176
1737455,175
1360255,175
1392595,175
1357117,175
1357157,175
1668564,175
1361596,175
1397106,175
1550182,175
1396481,175
1400121,175
1400022,175
1359982,175
1363973,175
1399548,175
1356562,175
1668953,175
1393649,175
1359718,175
1363492,175
1356764,174
1425990,174
1363805,174
1743126,174
1358463,174
1392220,174
1743462,174
1362385,174
1361878,174
1363852,174
1364082,174
1395718,174
1744541,174
1535234,174
1743923,174
1355998,174
1362291,174
1359715,174
1362460,174
1397546,174
1359435,174
1360035,174
1390760,174
1360344,174
1738679,173
1395982,173
1364169,173
1738870,173
1389462,173
1357170,173
1392503,173
1744166,173
1356833,173
1727503,172
1356611,172
1359526,172
1356042,172
1389835,172
1742349,172
1392766,172
1356204,172
1363797,172
1706074,172
1361932,172
1394999,172
1357538,172
1391529,172
1356719,172
1398237,172
1358427,171
1396765,171
1362471,171
1417689,171
1390783,171
1737646,171
1390981,171
1391120,171
1389596,171
1394435,171
1363187,171
1743396,171
1357672,171
1362405,171
1390921,171
1742956,171
1453544,170
1742180,170
1741822,170
1396750,170
1363619,170
1390657,170
1360435,170
1393980,170
1742075,170
1395993,170
1361068,170
1400102,170
1628933,170
1392507,170
1359823,169
1435581,169
1743756,169
1724816,169
1667816,169
1388806,169
1360216,169
1395299,169
1360947,169
1361862,169
1720902,169
1363666,169
1391519,169
1359210,169
1360938,169
1390811,169
1556990,169
1396079,169
1588658,169
1396788,169
1400004,168
1396177,168
1390929,168
1393919,168
1389594,168
1419650,168
1738036,168
1694424,168
1392794,168
1628948,168
1357861,168
1363673,168
1399623,168
1363327,168
1363976,168
1361620,168
1358612,168
1359506,168
1425540,167
1419988,167
1741601,167
1391446,167
1389771,167
1358004,167
1396733,167
1588853,167
1360015,167
1390764,167
1621524,167
1359714,166
1369989,166
1391654,166
1356728,166
1392557,166
1391669,166
1391474,166
1395943,166
1646088,166
1741684,166
1391328,166
1356348,166
1392655,166
1360215,166
1743668,166
1360955,166
1397276,165
1395195,165
1398197,165
1400182,165
1392219,165
1391975,165
1397454,165
1363677,165
1741619,165
1363014,165
1356033,165
1357847,165
1397142,165
1362022,165
1389800,165
1362041,165
1646456,165
1360472,165
1360154,165
1396621,164
1355993,164
1389299,164
1743230,164
1397471,164
1391494,164
1409031,164
1395264,164
1391830,164
1360213,164
1400181,163
1389817,163
1362073,163
1390890,163
1425319,163
1394383,163
1360034,163
1356376,163
1358740,163
1390774,163
1504502,163
1362995,163
1742030,163
1737491,162
1399096,162
1393585,162
1744570,162
1452750,162
1391841,162
1357550,162
1396869,162
1395351,162
1397497,162
1396249,162
1394000,162
1357514,162
1393901,162
1737592,162
1395049,162
1501064,161
1362754,161
1389542,161
1362482,161
1361079,161
1397065,161
1420092,161
1393995,161
1363407,161
1722518,161
1417809,161
1390910,160
1555231,160
1389364,160
1396858,160
1741838,160
1389726,160
1358711,160
1419206,160
1737469,160
1744190,160
1622895,160
1741755,160
1394893,160
1362214,160
1357095,160
1398824,159
1360782,159
1417672,159
1358194,159
1361127,159
1362453,159
1529305,159
1557606,159
1738586,159
1361655,159
1360752,159
1392685,159
1361113,159
1392370,159
1398041,159
1392212,159
1394913,159
1741808,159
1737655,158
1359843,158
1361056,158
1361700,158
1393967,158
1359725,158
1392340,158
1397042,158
1393481,158
1394580,158
1362220,158
1529410,158
1394438,158
1357670,158
1363922,158
1358010,158
1398250,158
1722624,158
1360828,157
1361683,157
1356521,157
1743403,157
1487694,157
1391363,157
1360956,157
1397111,157
1397060,157
1482309,157
1357702,157
1391426,157
1361554,157
1393742,157
1419441,156
1393927,156
1361015,156
1409275,156
1361315,156
1417642,156
1359719,156
1390914,156
1364150,156
1397449,156
1361294,156
1358672,156
1361696,156
1743950,156
1394502,156
1536355,156
1743159,156
1397525,156
1397089,155
1363056,155
1397944,155
1743465,155
1359710,155
1393855,155
1397342,155
1400110,155
1391691,155
1359595,155
1392411,155
1664943,155
1400124,155
1361971,155
1392408,155
1397346,155
1391480,155
1609716,155
1358316,154
1361502,154
1391710,154
1417640,154
1357445,154
1731657,154
1393836,154
1397593,154
1393617,154
1458331,154
1744842,154
1393453,154
1393968,154
1393709,154
1391322,154
1359422,154
1393594,154
1650353,154
1359636,154
1418499,153
1359925,153
1744490,153
1361803,153
1388920,153
1359072,153
1396820,153
1395209,153
1418509,153
1360687,153
1394781,153
1360413,153
1519650,153
1356421,153
1741820,153
1356141,153
1363303,153
1357046,153
1398646,152
1425172,152
1356424,152
1394289,152
1397241,152
1393429,152
1397453,152
1738652,152
1389219,152
1359440,152
1357682,152
1359813,152
1357144,152
1744569,152
1398200,152
1722015,152
1391079,152
1435330,152
1391706,152
1392684,152
1442818,152
1356436,152
1360509,152
1356383,151
1360194,151
1399522,151
1486733,151
1396748,151
1738876,151
1364072,151
1357654,151
1396737,151
1361562,151
1362414,151
1392936,151
1359728,151
1358886,151
1356907,151
1363200,151
1393612,150
1358394,150
1397208,150
1361872,150
1549015,150
1556096,150
1396317,150
1425202,150
1361678,150
1361707,150
1363899,150
1362472,149
1356370,149
1392539,149
1728575,149
1361382,149
1359897,149
1360748,149
1357496,149
1393846,149
1723119,149
1737555,149
1441068,149
1418612,149
1636731,148
1396480,148
1359980,148
1357437,148
1356682,148
1654153,148
1398167,148
1361892,148
1659226,148
1489806,148
1359282,148
1359364,147
1379525,147
1395948,147
1389308,147
1397393,147
1358125,147
1361705,147
1392023,147
1388793,147
1396471,147
1391805,147
1360928,147
1403533,147
1424895,147
1366028,147
1362582,147
1358111,147
1396119,147
1397381,147
1645885,147
1393564,147
1397184,147
1361807,146
1361640,146
1394280,146
1396439,146
1397333,146
1408973,146
1399677,146
1397504,146
1361672,146
1400147,146
1741815,146
1394063,146
1391500,145
1359665,145
1495503,145
1364024,145
1359588,145
1390802,145
1364074,145
1393660,145
1392593,145
1669279,145
1399507,145
1394600,145
1737577,145
1742317,145
1392528,145
1359641,145
1361552,145
1359221,145
1744194,145
1393907,144
1361668,144
1398424,144
1391690,144
1738180,144
1737565,144
1359683,144
1363255,144
1356704,144
1471824,144
1393698,144
1397158,143
1393879,143
1713472,143
1356794,143
1391536,143
1393300,143
1360099,143
1392393,143
1392821,143
1397320,143
1391763,143
1722478,143
1392537,143
1357945,143
1744004,143
1356371,143
1373165,143
1355928,143
1394348,143
1357464,143
1743221,142
1394372,142
1389543,142
1649444,142
1390675,142
1400188,142
1393824,142
1359737,142
1741805,142
1393780,142
1392569,142
1394272,141
1357486,141
1392778,141
1358212,141
1420584,141
1358786,141
1741869,141
1386562,141
1397315,141
1395120,141
1362184,141
1397047,141
1360169,141
1393535,141
1425195,141
1397465,140
1393857,140
1743422,140
1396196,140
1400186,140
1360150,140
1743161,140
1363543,140
1388918,140
1362756,140
1360168,140
1357454,140
1359591,140
1394855,140
1394444,140
1394309,140
1743408,140
1357588,139
1392542,139
1395778,139
1356772,139
1722703,139
1358119,139
1361553,139
1363426,139
1396718,139
1424250,139
1361425,139
1414270,139
1743388,139
1738625,139
1358477,138
1392366,138
1390138,138
1363680,138
1741643,138
1397526,138
1356271,138
1390852,138
1356417,138
1360819,138
1361837,138
1359883,137
1560698,137
1396121,137
1391337,137
1392108,137
1392565,137
1481925,137
1358835,137
1356369,137
1391477,137
1393357,137
1392696,137
1457488,136
1392561,136
1361917,136
1391198,136
1356072,136
1694092,136
1361532,136
1531145,136
1359918,135
1502064,135
1394641,135
1392441,135
1359524,135
1663993,135
1358513,135
1360869,135
1362020,135
1472010,135
1359518,135
1393009,135
1399464,135
1396089,135
1558360,134
1358334,134
1628822,134
1737672,134
1391359,134
1358325,134
1358492,134
1394981,134
1388766,134
1393340,134
1472934,134
1392737,134
1394756,134
1394553,134
1361032,134
1360753,133
1398097,133
1741708,133
1388794,133
1417892,133
1361617,133
1361063,133
1695710,133
1391455,133
1390880,133
1411648,132
1362275,132
1363560,132
1363111,132
1363876,132
1396225,132
1393611,132
1357497,132
1472821,132
1397675,132
1362452,132
1391998,132
1392666,131
1389964,131
1743247,131
1499337,131
1389505,131
1357849,131
1358250,131
1391962,131
1743749,131
1744369,131
1489036,131
1360138,131
1698923,131
1359929,131
1393775,131
1741884,130
1359277,130
1359977,130
1739220,130
1397467,130
1392669,130
1392397,130
1357031,130
1392601,130
1361357,130
1359825,130
1395132,130
1744308,130
1737426,130
1400036,130
1394648,130
1395862,129
1398815,129
1357129,129
1743646,129
1397231,129
1399772,129
1359437,129
1622908,129
1652912,129
1359723,129
1697212,129
1400132,129
1398640,129
1392558,129
1363309,128
1359810,128
1359849,128
1649664,128
1356799,128
1357474,128
1384658,128
1359531,128
1425936,128
1362415,128
1743948,128
1395772,128
1357947,128
1361693,128
1400721,128
1360840,127
1453566,127
1743234,127
1397131,127
1393837,127
1357093,127
1359122,127
1396355,127
1360070,127
1395168,127
1743222,127
1361203,127
1741634,127
1396107,127
1741880,126
1357049,126
1453515,126
1363880,126
1453559,126
1398822,126
1356081,126
1743952,126
1393312,126
1684973,126
1394322,126
1358468,125
1392630,125
1398759,125
1397458,125
1361115,125
1357360,125
1396711,125
1389398,125
1397763,125
1394866,125
1390793,125
1355926,124
1389810,124
1357123,124
1744002,124
1394446,124
1390790,124
1390846,124
1743348,124
1358264,124
1628796,124
1395531,124
1361333,124
1359721,124
1392729,124
1425629,123
1391891,123
1397468,123
1391326,123
1493056,123
1357118,123
1397528,123
1389247,123
1742025,123
1399621,123
1358532,123
1397425,122
1359523,122
1393932,122
1396767,122
1651449,122
1360369,122
1395603,122
1357367,122
1357220,122
1389329,122
1578119,121
1425905,121
1396159,121
1393242,121
1356402,121
1391412,121
1397275,121
1389536,121
1356617,121
1722485,121
1744328,121
1669707,121
1394375,121
1361244,120
1399310,120
1359455,120
1361544,120
1392483,120
1362404,120
1393020,120
1400616,120
1396764,120
1396601,120
1392502,120
1389487,120
1356615,120
1392468,120
1360501,119
1425272,119
1628790,119
1359109,119
1664443,119
1356435,119
1396825,119
1743969,119
1361062,119
1395144,119
1361825,119
1390894,119
1395146,119
1392333,119
1394503,119
1358321,118
1544716,118
1392571,118
1397489,118
1356706,118
1743350,118
1509263,118
1518245,118
1398288,118
1722500,118
1394725,118
1722465,118
1361035,118
1397382,118
1529289,118
1361105,118
1472811,117
1738630,117
1396307,117
1364071,117
1363646,117
1361472,117
1685197,117
1743962,117
1361482,117
1394371,117
1356439,117
1399392,117
1744043,117
1397150,117
1744026,117
1621515,117
1722340,117
1392500,117
1360211,117
1397318,116
1392484,116
1393305,116
1397565,116
1471596,116
1390878,116
1741599,116
1357734,116
1357412,116
1743761,116
1360957,115
1397720,115
1361026,115
1389446,115
1744323,115
1360243,115
1356324,115
1393359,114
1743337,114
1396425,114
1358291,114
1397699,114
1392274,114
1396118,114
1360783,114
1359495,114
1419102,113
1393339,113
1360591,113
1358426,113
1396259,113
1362581,113
1394333,113
1477928,113
1645851,112
1628868,112
1743961,112
1357085,112
1396430,112
1742193,112
1391521,112
1664563,112
1722550,112
1743889,112
1399568,112
1394784,112
1743971,112
1364162,112
1358641,112
1359460,111
1743466,111
1741452,111
1391323,111
1399744,111
1360179,111
1394429,111
1394599,111
1391460,111
1391318,110
1397213,110
1389394,110
1356375,110
1356840,110
1394350,110
1356747,110
1396900,110
1390356,109
1722519,109
1392456,109
1409318,109
1360540,109
1390821,109
1364038,109
1398746,109
1647304,109
1362651,109
1358690,109
1360932,109
1397595,109
1392623,109
1396023,109
1390883,108
1395615,108
1360993,108
1392137,108
1356515,108
1399553,108
1471017,108
1548153,108
1636907,108
1389336,108
1396696,108
1389587,108
1502503,108
1389003,108
1396441,107
1357686,107
1389330,107
1390615,107
1362498,107
1363333,107
1668888,106
1738610,106
1359334,106
1364025,106
1393549,106
1392299,106
1388834,106
1743536,106
1360660,106
1396260,106
1389593,106
1360984,106
1389539,106
1651162,105
1743742,105
1358226,105
1356648,105
1390627,105
1357724,105
1394380,105
1397103,105
1559255,105
1505553,105
1556855,104
1396663,104
1394344,104
1398226,104
1360115,104
1744324,104
1393505,104
1397095,104
1391665,104
1391814,104
1396752,104
1646311,104
1399781,104
1391505,103
1722437,103
1390051,103
1363903,103
1390904,103
1399742,103
1421977,103
1396879,103
1393218,103
1741688,103
1685012,103
1358696,103
1743641,103
1396974,103
1394664,103
1360970,103
1707089,103
1397548,102
1358127,102
1743519,102
1396857,102
1743463,102
1395820,102
1395309,102
1356633,102
1741584,102
1396276,102
1737492,101
1396815,101
1398663,101
1743235,101
1391317,101
1362182,101
1365431,101
1361968,101
1359632,101
1401438,101
1393777,101
1359667,101
1389294,101
1392496,101
1396941,101
1359177,100
1744025,100
1394311,100
1359218,100
1558272,99
1628858,99
1391471,99
1356963,99
1356356,99
1509735,99
1391319,99
1391432,99
1363183,99
1393309,99
1509616,99
1360826,98
1743796,98
1411820,98
1360292,98
1388788,98
1357671,98
1393315,98
1395791,98
1359351,98
1361201,98
1389859,98
1360414,98
1743251,98
1359690,98
1502989,98
1356456,98
1667293,97
1422941,97
1362396,97
1388833,97
1737454,97
1398113,97
1361098,97
1522182,97
1741961,97
1429223,97
1359514,96
1362607,96
1393455,96
1361372,96
1395089,96
1361658,96
1396027,96
1358217,96
1391964,96
1394597,96
1360227,96
1417754,96
1453545,95
1363331,95
1360810,95
1394655,95
1393957,95
1737444,95
1653859,95
1360471,95
1548289,95
1392525,95
1361043,95
1392428,95
1389796,95
1577392,95
1397223,94
1390690,94
1356866,94
1361120,94
1418076,94
1395944,94
1451884,94
1394432,94
1389628,94
1425474,94
1423913,94
1393092,94
1396185,94
1362270,94
1393599,93
1359119,93
1390874,93
1396127,93
1358813,93
1392458,93
1393080,93
1356952,93
1668469,93
1711809,93
1396850,92
1356853,92
1744183,92
1395855,92
1482313,92
1358330,92
1391491,92
1397100,92
1397473,92
1396112,92
1739270,92
1391151,92
1361520,92
1393825,91
1362066,91
1363736,91
1361530,91
1744020,91
1359634,91
1647170,91
1737542,91
1517350,91
1361006,91
1358434,91
1393645,90
1722517,90
1356834,90
1529402,90
1395318,90
1359820,90
1398108,90
1392106,90
1359602,90
1389636,90
1357236,90
1393109,90
1392116,89
1360940,89
1392227,89
1390468,89
1744899,89
1355873,89
1651903,89
1502684,89
1743645,89
1397439,89
1741629,89
1396124,89
1356749,89
1388767,89
1363975,89
1396958,88
1743964,88
1393586,88
1396041,88
1392465,88
1357673,88
1743239,88
1363929,87
1394554,87
1391508,87
1390466,87
1394565,87
1743681,87
1418031,87
1358260,87
1741834,87
1548458,87
1721005,87
1390993,87
1359909,87
1393546,87
1400080,86
1357687,86
1664946,86
1397557,86
1363616,86
1391511,86
1393810,86
1389598,86
1392730,86
1362469,86
1360764,86
1363895,86
1390692,86
1744000,86
1528980,86
1397540,86
1362290,86
1358849,85
1394050,85
1744010,85
1392004,85
1358942,85
1397483,85
1356992,85
1362855,85
1698929,85
1390208,85
1398241,85
1390815,85
1481553,84
1360522,84
1362368,84
1742788,84
1646086,84
1743743,84
1489814,84
1722440,84
1478563,84
1395928,84
1645854,84
1720959,84
1398723,84
1398205,83
1737504,83
1360026,83
1360059,83
1744468,83
1363979,82
1358358,82
1358655,82
1359606,82
1477181,82
1357508,82
1363493,82
1391645,82
1390866,81
1391367,81
1493549,81
1502682,81
1390951,81
1359336,81
1741563,81
1458106,81
1360268,80
1363335,80
1394486,80
1392553,80
1400096,80
1392088,80
1744168,80
1359844,80
1479447,80
1389335,80
1397319,80
1742112,80
1358999,80
1359411,79
1744058,79
1391771,79
1742175,79
1395547,79
1729952,79
1360722,79
1729965,79
1359527,79
1359716,79
1357577,79
1363453,79
1394908,79
1621491,79
1394317,79
1651233,79
1359912,78
1397484,78
1397050,78
1389658,78
1492666,78
1417758,78
1628935,78
1363222,78
1363804,78
1389039,78
1399360,78
1418072,78
1389475,78
1383978,78
1396417,77
1744571,77
1359171,77
1582964,77
1363502,77
1397094,77
1743750,77
1390820,76
1359361,76
1355880,76
1493357,76
1398518,76
1359108,76
1361049,76
1390074,76
1394864,76
1741646,76
1357653,76
1359359,76
1361290,76
1360640,76
1630308,76
1743913,76
1389797,75
1398408,75
1559193,75
1394521,75
1397149,75
1395462,75
1743924,75
1741597,75
1659032,75
1410322,75
1396014,75
1743965,75
1389969,75
1358453,75
1391088,75
1392771,75
1362215,75
1391451,75
1662937,75
1356385,75
1364179,75
1400178,74
1361452,74
1392611,74
1359176,74
1364047,74
1458783,74
1741810,74
1669441,74
1397407,74
1394872,74
1399612,74
1359513,74
1363053,73
1362387,73
1359039,73
1357425,73
1356981,73
1361446,73
1395967,73
1458338,73
1737658,73
1419838,73
1361486,73
1393969,73
1362973,73
1512231,73
1358604,73
1357033,73
1744599,73
1395135,72
1360755,72
1721554,72
1362281,72
1743992,72
1394062,72
1362330,72
1647677,72
1356365,72
1609596,72
1356715,72
1396045,71
1396160,71
1395974,71
1396298,71
1394270,71
1737486,71
1361601,71
1742019,71
1578131,71
1738640,71
1504520,71
1396826,71
1363672,70
1363485,70
1393509,70
1743959,70
1395215,70
1743534,70
1360563,70
1356946,70
1617142,70
1361060,70
1364101,69
1359976,69
1395606,69
1363087,69
1739075,69
1396854,69
1669338,69
1361255,69
1395152,69
1743967,69
1359917,69
1394971,69
1744050,69
1358772,69
1394973,68
1743667,68
1744075,68
1744928,68
1360380,68
1396560,68
1358197,68
1398786,68
1744504,68
1393691,68
1743468,68
1389738,68
1627618,68
1360611,68
1743397,68
1391085,68
1742545,67
1393479,67
1363854,67
1360997,67
1394065,67
1356306,67
1359888,67
1357499,67
1361067,67
1394061,67
1360904,67
1398322,67
1359520,67
1737553,67
1743359,67
1391677,67
1560415,67
1395476,67
1743540,66
1650706,66
1359549,66
1357871,66
1722672,66
1398217,66
1361690,66
1360991,66
1390639,66
1564441,65
1363557,65
1357558,65
1356711,65
1357068,65
1395994,65
1396855,65
1396362,65
1390765,65
1360792,65
1711863,65
1396982,65
1491369,65
1389451,65
1396091,65
1395092,65
1398752,65
1389585,65
1358495,65
1362322,65
1392191,65
1356718,64
1422884,64
1398117,64
1394496,64
1393561,64
1391788,64
1411089,64
1398758,64
1397370,64
1359223,64
1394441,64
1399620,64
1396016,64
1395717,64
1743323,64
1359089,64
1356070,64
1397727,64
1546033,64
1398243,64
1741905,63
1394886,63
1744361,63
1649741,63
1400034,63
1647245,63
1391846,63
1357844,63
1393508,63
1425722,63
1395711,63
1743392,63
1645889,63
1628969,63
1397434,63
1578141,63
1550506,62
1743464,62
1392383,62
1359178,62
1393493,62
1432876,62
1743605,62
1472670,62
1743859,62
1743670,62
1394863,61
1742235,61
1743378,61
1418018,61
1357511,61
1357675,61
1396408,61
1392296,61
1359778,61
1743336,61
1420669,61
1480739,61
1398814,61
1394339,61
1396784,60
1359812,60
1359254,60
1389142,60
1393541,60
1359779,60
1669443,60
1398913,60
1396300,60
1389532,60
1360766,60
1392040,60
1390672,60
1356559,60
1392216,60
1394871,60
1398784,60
1363742,60
1395987,60
1743458,59
1359505,59
1357575,59
1396622,59
1647274,59
1398970,59
1389571,59
1522249,59
1659168,59
1503192,59
1391185,59
1395063,59
1360731,59
1359597,59
1392540,59
1689622,58
1360662,58
1743813,58
1396880,58
1359615,58
1398789,58
1632957,58
1357928,58
1357457,58
1743891,58
1737684,58
1741816,58
1396776,58
1397868,58
1356903,58
1360393,58
1393314,58
1361539,58
1521058,57
1399944,57
1389929,57
1359349,57
1742053,57
1392761,57
1744303,57
1394303,57
1646497,57
1360207,57
1492664,57
1361205,57
1744279,56
1572883,56
1393347,56
1425484,56
1356552,56
1357274,56
1672967,56
1395617,56
1437044,56
1361384,56
1653867,56
1359864,56
1397059,56
1356656,56
1359102,56
1397310,56
1395480,56
1452625,56
1398655,56
1394519,56
1739032,56
1396333,56
1743377,56
1356557,56
1743364,56
1357121,56
1399797,55
1743102,55
1390677,55
1392904,55
1504499,55
1492665,55
1722698,55
1361125,55
1396943,55
1392726,55
1389338,55
1362271,55
1392762,55
1396964,55
1360251,55
1395599,55
1389742,55
1361749,54
1392168,54
1512544,54
1396479,54
1394758,54
1564502,54
1646792,54
1495481,53
1394039,53
1360716,53
1590997,53
1406530,53
1391869,53
1361141,53
1396288,53
1738588,53
1396109,53
1392687,53
1359794,53
1564619,53
1743635,53
1362410,53
1628938,53
1357988,53
1362667,53
1397495,52
1398284,52
1364142,52
1545740,52
1358524,52
1389216,52
1356510,52
1393892,52
1359346,52
1361576,52
1355953,51
1737564,51
1737530,51
1361588,51
1391664,51
1389455,51
1395009,51
1361557,51
1356741,51
1395972,51
1395956,51
1648762,51
1390776,51
1396227,51
1356635,51
1397804,51
1392522,51
1744334,50
1395961,50
1744344,50
1390872,50
1392276,50
1356821,50
1357061,50
1390660,50
1358584,50
1743989,50
1357634,50
1458169,50
1356914,50
1521055,50
1359370,50
1391767,50
1391206,50
1396779,50
1396030,50
1357792,50
1501456,50
1362228,49
1739224,49
1359379,49
1356775,49
1358935,49
1646044,49
1359499,49
1394284,49
1394369,49
1397156,49
1479540,49
1362025,49
1517432,49
1395332,49
1453521,49
1359049,49
1562253,49
1357201,49
1457039,49
1697365,49
1744047,49
1396226,49
1706072,49
1743361,48
1493163,48
1398821,48
1357081,48
1741633,48
1358363,48
1487735,48
1395323,48
1400129,48
1506477,48
1395938,48
1356858,48
1636863,48
1397553,48
1399961,48
1355997,48
1396334,48
1398295,48
1396292,47
1398290,47
1392319,47
1397463,47
1499885,47
1563862,47
1360794,47
1364107,47
1397523,47
1356825,47
1396146,47
1737571,47
1492045,47
1392549,47
1359901,47
1390654,47
1393687,47
1495412,47
1395066,47
1391308,47
1362409,47
1357394,47
1360178,47
1648093,46
1360654,46
1396844,46
1397385,46
1744006,46
1397567,46
1564276,46
1737656,46
1397070,46
1358909,46
1398222,46
1665997,46
1362319,46
1362487,46
1744542,46
1359299,46
1390766,46
1738717,46
1398763,46
1357021,46
1356405,46
1739058,45
1649483,45
1397637,45
1356474,45
1391313,45
1743911,45
1361159,45
1743956,45
1743664,45
1359921,45
1737720,45
1393881,45
1492939,45
1419103,45
1395844,45
1396785,45
1395320,45
1392246,45
1357150,44
1425224,44
1513508,44
1357035,44
1358575,44
1742060,44
1628952,44
1480255,44
1359691,44
1358708,44
1393860,44
1512909,44
1397793,44
1359857,44
1359295,44
1391756,44
1357427,44
1359945,44
1400083,44
1360220,44
1360583,43
1499749,43
1456535,43
1396839,43
1578115,43
1358593,43
1743143,43
1737575,43
1358157,43
1392113,43
1564610,43
1394056,43
1361602,43
1392153,43
1398346,42
1399773,42
1398787,42
1743914,42
1738590,42
1738612,42
1688053,42
1697332,42
1737654,42
1392241,42
1398749,42
1492564,42
1638033,42
1581618,42
1668999,42
1359930,42
1744034,42
1362197,42
1646259,42
1662935,42
1395112,42
1502432,41
1646270,41
1389004,41
1452081,41
1398772,41
1399580,41
1722418,41
1363943,41
1392606,41
1398652,41
1472958,41
1742002,41
1356978,41
1727501,41
1392732,41
1743303,41
1358443,41
1392512,41
1357986,41
1397140,41
1361154,41
1739033,41
1393608,41
1357340,41
1396104,41
1743811,41
1531550,41
1744333,41
1743322,41
1399423,40
1422925,40
1356301,40
1386912,40
1737510,40
1743460,40
1397485,40
1363235,40
1356418,40
1744340,40
1743506,40
1356782,40
1472366,40
1360876,40
1356233,40
1363041,40
1580630,40
1742566,40
1357432,40
1391114,40
1743861,40
1418658,40
1392050,40
1669039,40
1360475,40
1743559,40
1668480,39
1737685,39
1738862,39
1743316,39
1741621,39
1637276,39
1392234,39
1671172,39
1744322,39
1362501,39
1668387,39
1737450,39
1396729,39
1357821,39
1398327,39
1741957,39
1397343,39
1359357,39
1393044,39
1392686,39
1744640,39
1655422,39
1689240,39
1358629,39
1743367,38
1358259,38
1395530,38
1391502,38
1398695,38
1392268,38
1705887,38
1744399,38
1502610,38
1394754,38
1357447,38
1392323,38
1668995,38
1393985,38
1393659,38
1722697,38
1357417,38
1744681,38
1393851,38
1392293,38
1743793,38
1743656,37
1738653,37
1359242,37
1360241,37
1396347,37
1359614,37
1359281,37
1358261,37
1360228,37
1636851,37
1359016,37
1392448,37
1395707,37
1358822,37
1628936,37
1419104,37
1741932,36
1363112,36
1357133,36
1398769,36
1394336,36
1397064,36
1360224,36
1518939,36
1389300,36
1359500,36
1743252,36
1392157,36
1647132,36
1395458,36
1423286,36
1361746,36
1360680,36
1359340,36
1744568,36
1687896,36
1359414,36
1697487,36
1738788,36
1363137,36
1392832,36
1397493,36
1493539,36
1362217,36
1390539,36
1533223,36
1390979,36
1391221,36
1394895,36
1360642,36
1393766,35
1743363,35
1393797,35
1744079,35
1391499,35
1393618,35
1357192,35
1395760,35
1738613,35
1361323,35
1392310,35
1741717,35
1360146,35
1395047,35
1396111,35
1397240,35
1361048,35
1357690,35
1492221,35
1360690,35
1359369,35
1392228,35
1393170,35
1505455,35
1395926,34
1563754,34
1477941,34
1390832,34
1359990,34
1392377,34
1743658,34
1392138,34
1358375,34
1647133,34
1391778,34
1391692,34
1359050,34
1393130,34
1356987,34
1658970,34
1391333,34
1744307,34
1398778,34
1647138,33
1743860,33
1390777,33
1358142,33
1738041,33
1396153,33
1398783,33
1393568,33
1392186,33
1358009,33
1697191,33
1394367,33
1393378,33
1743065,33
1669076,33
1394841,33
1391646,33
1669000,33
1357116,33
1722707,33
1452080,33
1628956,33
1396739,33
1397879,33
1358497,33
1360620,33
1453560,32
1390642,32
1396306,32
1393966,32
1420558,32
1359461,32
1392580,32
1399798,32
1743638,32
1731667,32
1360516,32
1651363,32
1397686,32
1743719,32
1697384,32
1396244,32
1743990,32
1399474,32
1358496,32
1392709,32
1395539,32
1743968,32
1743983,32
1549192,32
1493730,32
1743588,32
1491567,32
1743391,32
1395929,31
1389591,31
1355948,31
1451554,31
1564630,31
1391452,31
1628896,31
1359376,31
1679961,31
1392109,31
1544889,31
1359859,31
1360097,31
1357931,31
1361769,31
1357596,31
1548709,31
1391007,31
1668165,31
1742064,31
1563792,31
1743666,31
1392092,31
1357069,31
1743509,31
1564339,31
1397384,31
1358429,31
1360030,31
1358598,31
1396908,31
1357365,30
1357783,30
1744426,30
1397323,30
1742329,30
1359838,30
1361844,30
1358380,30
1393785,30
1397096,30
1362827,30
1400094,30
1744215,30
1358327,30
1395109,30
1653905,30
1646041,30
1722434,30
1744242,30
1358459,30
1744009,30
1362333,29
1361494,29
1744054,29
1356910,29
1579800,29
1359811,29
1392735,29
1360186,29
1400153,29
1743805,29
1491568,29
1391898,29
1358544,29
1391734,29
1743999,29
1359384,29
1744347,29
1698927,29
1518931,29
1397951,29
1356497,29
1743409,29
1363722,29
1394671,29
1517507,29
1395683,29
1673008,29
1493737,29
1358803,29
1669397,29
1397200,29
1392352,28
1744330,28
1388898,28
1396899,28
1357553,28
1608418,28
1391926,28
1737446,28
1390862,28
1358173,28
1356884,28
1511240,28
1357072,28
1743954,28
1398262,28
1492215,28
1398653,28
1362267,28
1743514,28
1360736,28
1390378,28
1502406,28
1398776,28
1360466,28
1356863,28
1393512,28
1742572,28
1609681,28
1399743,27
1393468,27
1518014,27
1392163,27
1493090,27
1355903,27
1396282,27
1502681,27
1738804,27
1358262,27
1389583,27
1393911,27
1489184,27
1397369,27
1453568,27
1392406,27
1357384,27
1359416,27
1396631,27
1393593,27
1360119,27
1359265,27
1360541,27
1395422,27
1394327,27
1359088,27
1397227,27
1664950,27
1391670,27
1744420,27
1392734,27
1359882,27
1564459,27
1399765,27
1396332,27
1471589,27
1587729,26
1744626,26
1362034,26
1389392,26
1395404,26
1391769,26
1432775,26
1741823,26
1511873,26
1397380,26
1489133,26
1744200,26
1361591,26
1362258,26
1744377,26
1357999,26
1737431,26
1397400,26
1362684,26
1668580,26
1531336,26
1502578,26
1393551,26
1743960,26
1361840,26
1722695,26
1737511,26
1476149,26
1743133,26
1742774,26
1744837,25
1361134,25
1744111,25
1389387,25
1396746,25
1359395,25
1743740,25
1393567,25
1564415,25
1423213,25
1361421,25
1389514,25
1359914,25
1358811,25
1669625,25
1359131,25
1359879,25
1502669,25
1744885,25
1744699,25
1363307,25
1564356,25
1550292,25
1519038,24
1392338,24
1398779,24
1610788,24
1396164,24
1356951,24
1478661,24
1493478,24
1744033,24
1362913,24
1744235,24
1393480,24
1359337,24
1743710,24
1669182,24
1668635,24
1357338,24
1743762,24
1646267,24
1493563,24
1736530,24
1391456,24
1357645,24
1394370,24
1389397,24
1359821,24
1743985,24
1743907,24
1711781,24
1392933,24
1666930,24
1392300,24
1744698,24
1393756,24
1743654,24
1390629,24
1389922,24
1364022,23
1395963,23
1470716,23
1398765,23
1390376,23
1502614,23
1576091,23
1359790,23
1398119,23
1550162,23
1358011,23
1356902,23
1359766,23
1393565,23
1389661,23
1393350,23
1397409,23
1356830,23
1545780,23
1389389,23
1743753,23
1564416,23
1529240,23
1744174,23
1743461,23
1502481,23
1668155,23
1358549,23
1564274,23
1393768,23
1628865,22
1391400,22
1393510,22
1357441,22
1392731,22
1645892,22
1395465,22
1738647,22
1659056,22
1393452,22
1398692,22
1563734,22
1547097,22
1743380,22
1628826,22
1743723,22
1358480,22
1582980,22
1743565,22
1530752,22
1392388,22
1356687,22
1424927,22
1358163,22
1669461,22
1743982,22
1361161,22
1395923,22
1395432,22
1359487,22
1392474,22
1393833,22
1357347,22
1359430,22
1720939,22
1399764,22
1357316,22
1550156,22
1394574,22
1389002,22
1359087,22
1743966,22
1359600,22
1359383,22
1517486,21
1550246,21
1548583,21
1360298,21
1358676,21
1396299,21
1390716,21
1392037,21
1391207,21
1360604,21
1744360,21
1396343,21
1359432,21
1394726,21
1508026,21
1744383,21
1397587,21
1389525,21
1739057,21
1742114,21
1395612,21
1743256,21
1357502,21
1666721,21
1458093,21
1390585,21
1357405,21
1359826,21
1396287,21
1393078,21
1667954,21
1743916,21
1396558,21
1357443,21
1479542,21
1452525,21
1628803,21
1502775,20
1664494,20
1396653,20
1359717,20
1363196,20
1741587,20
1362050,20
1549124,20
1362497,20
1392085,20
1519648,20
1394546,20
1399685,20
1744336,20
1360524,20
1396283,20
1357915,20
1744317,20
1395121,20
1498976,20
1392728,20
1391843,20
1423377,20
1393983,20
1737481,20
1646085,20
1701525,20
1396715,20
1393991,20
1361197,20
1492211,20
1389582,20
1647180,20
1397591,20
1392305,20
1391534,20
1396902,20
1491707,20
1646237,20
1390477,20
1396545,20
1742028,20
1399778,20
1362682,20
1392346,20
1361222,20
1396277,20
1664948,19
1395481,19
1360706,19
1743390,19
1722438,19
1495414,19
1548109,19
1357019,19
1564601,19
1492063,19
1389402,19
1513956,19
1391101,19
1391444,19
1400074,19
1722439,19
1493613,19
1360592,19
1743921,19
1498825,19
1744029,19
1564560,19
1363495,19
1399777,19
1744507,19
1448185,19
1397643,19
1389806,19
1622900,19
1359995,19
1397703,19
1744350,19
1558398,19
1362738,19
1491445,19
1426040,19
1738818,19
1638030,19
1741615,19
1357044,19
1358255,19
1395925,19
1396632,19
1392724,19
1743226,19
1744638,19
1519892,19
1397838,19
1355952,19
1502540,18
1646036,18
1360907,18
1397181,18
1744405,18
1523674,18
1744489,18
1390535,18
1741610,18
1360973,18
1395726,18
1358934,18
1390865,18
1668744,18
1472824,18
1358432,18
1389057,18
1495485,18
1743663,18
1744417,18
1743903,18
1511012,18
1741661,18
1744353,18
1742242,18
1744509,18
1359837,18
1391443,18
1361734,18
1743471,18
1481080,18
1646232,18
1658994,18
1395573,18
1493417,18
1393958,18
1400165,18
1362181,18
1362098,18
1396628,18
1663341,18
1390154,18
1513952,18
1362496,18
1647575,18
1390432,18
1359294,18
1741576,18
1744860,18
1435507,18
1558009,18
1743929,18
1359150,18
1394847,18
1398381,18
1492789,18
1427718,18
1639681,18
1360681,18
1392513,17
1743312,17
1737662,17
1391335,17
1376496,17
1390703,17
1647175,17
1617119,17
1744673,17
1395620,17
1743806,17
1360039,17
1743792,17
1472808,17
1741799,17
1743979,17
1578111,17
1480901,17
1481281,17
1564349,17
1743819,17
1452084,17
1546217,17
1425448,17
1513485,17
1391783,17
1389448,17
1532993,17
1357102,17
1481963,17
1394874,17
1392114,17
1361833,17
1390822,17
1389586,17
1477139,17
1392054,17
1356703,17
1388921,17
1632937,17
1395445,17
1495410,17
1396591,17
1743244,17
1697232,17
1743665,16
1458738,16
1392894,16
1743375,16
1744294,16
1499783,16
1738961,16
1743530,16
1358392,16
1737448,16
1502662,16
1360712,16
1564370,16
1392090,16
1722494,16
1392764,16
1360780,16
1362831,16
1742773,16
1394765,16
1628783,16
1741677,16
1363823,16
1357509,16
1744395,16
1518934,16
1743407,16
1737423,16
1360020,16
1394543,16
1362055,16
1744027,16
1394734,16
1358293,16
1744060,16
1391053,16
1393952,16
1744055,16
1400154,16
1393686,16
1743332,16
1743326,15
1392511,15
1361100,15
1452689,15
1358538,15
1363055,15
1737490,15
1358933,15
1389242,15
1356560,15
1359174,15
1358924,15
1394531,15
1744537,15
1743448,15
1744331,15
1628854,15
1363710,15
1390899,15
1518628,15
1389821,15
1394331,15
1357581,15
1743365,15
1743977,15
1360649,15
1359512,15
1506481,15
1394349,15
1479220,15
1739065,15
1358943,15
1743931,15
1362657,15
1513498,15
1550198,15
1502939,15
1392470,15
1357646,15
1741701,15
1360827,15
1669616,15
1645893,15
1393435,15
1668989,15
1362136,15
1396242,15
1359273,15
1583450,15
1392960,14
1453535,14
1358326,14
1358271,14
1744335,14
1394287,14
1664414,14
1360013,14
1393498,14
1361147,14
1357979,14
1363062,14
1394413,14
1359720,14
1360396,14
1564330,14
1491514,14
1357507,14
1743537,14
1622910,14
1588764,14
1393210,14
1396561,14
1744425,14
1646264,14
1359032,14
1425200,14
1452284,14
1390693,14
1450849,14
1356967,14
1392165,14
1393826,14
1389530,14
1395675,14
1505542,14
1617109,14
1578167,14
1396309,14
1363751,14
1653037,14
1647185,14
1457187,14
1518932,14
1361275,14
1479526,14
1396527,14
1392282,14
1359727,14
1564444,14
1744869,14
1390160,14
1360009,14
1457311,14
1361226,14
1389273,14
1398781,14
1359593,13
1744305,13
1737495,13
1392625,13
1425569,13
1743955,13
1743317,13
1744672,13
1397265,13
1393032,13
1636854,13
1453542,13
1688091,13
1664942,13
1360321,13
1502217,13
1357713,13
1391532,13
1357048,13
1359352,13
1504027,13
1645887,13
1392482,13
1687910,13
1744080,13
1392983,13
1399800,13
1362752,13
1563814,13
1744146,13
1478627,13
1392429,13
1356001,13
1391459,13
1744125,13
1397746,13
1743328,13
1744865,13
1495399,13
1363167,13
1361071,13
1364148,13
1453572,13
1396007,13
1637411,13
1489190,13
1453584,13
1743951,13
1358670,13
1548995,13
1739083,13
1668330,13
1389535,13
1628811,13
1391644,13
1578157,13
1356891,13
1361363,13
1356796,13
1687993,12
1359782,12
1390225,12
1358093,12
1470478,12
1392846,12
1357662,12
1399397,12
1425343,12
1396544,12
1393573,12
1400159,12
1744076,12
1493092,12
1396684,12
1360487,12
1356904,12
1587724,12
1744602,12
1391352,12
1502057,12
1396059,12
1744035,12
1479531,12
1357050,12
1393887,12
1396447,12
1393261,12
1560676,12
1479415,12
1394346,12
1397663,12
1399485,12
1362176,12
1512782,12
1357864,12
1502795,12
1399187,12
1395216,12
1398768,12
1493109,12
1358673,12
1743831,12
1739066,12
1564286,12
1743340,12
1361240,12
1389950,12
1361398,12
1392324,12
1489091,12
1744483,12
1362179,12
1363540,12
1360036,11
1669639,11
1358874,11
1389746,11
1502112,11
1361884,11
1744479,11
1743308,11
1361273,11
1492256,11
1737561,11
1653641,11
1397447,11
1744438,11
1744154,11
1396274,11
1355894,11
1357159,11
1479671,11
1362500,11
1359546,11
1667408,11
1356419,11
1564317,11
1396721,11
1571057,11
1396691,11
1360655,11
1520353,11
1738721,11
1359084,11
1741945,11
1356802,11
1722445,11
1562248,11
1396126,11
1562413,11
1480138,11
1358596,11
1391320,11
1396864,11
1743928,11
1453531,11
1478096,11
1578145,11
1363334,11
1743714,11
1722699,11
1395268,11
1738582,11
1667287,11
1669454,11
1669541,11
1738192,11
1744496,11
1356800,11
1518844,11
1389494,11
1389508,11
1738939,11
1399048,11
1361144,11
1356841,11
1389250,11
1668525,11
1651485,11
1502750,11
1628819,11
1450108,11
1646778,11
1390146,10
1400162,10
1398740,10
1563807,10
1743963,10
1389396,10
1558119,10
1617162,10
1737437,10
1737551,10
1358840,10
1357543,10
1518937,10
1361270,10
1398819,10
1397849,10
1647256,10
1361070,10
1452585,10
1398773,10
1425299,10
1647156,10
1399082,10
1359906,10
1457212,10
1392928,10
1358888,10
1489053,10
1744023,10
1507182,10
1356836,10
1744070,10
1398374,10
1743371,10
1393864,10
1522444,10
1361374,10
1501047,10
1364156,10
1737488,10
1398894,10
1357143,10
1396650,10
1399487,10
1480575,10
1364415,10
1743659,10
1472691,10
1396762,10
1591002,10
1744472,10
1573648,10
1400017,10
1743431,10
1744857,10
1361527,10
1694087,10
1425097,10
1737653,10
1391802,10
1628784,10
1743101,10
1360964,10
1744224,10
1502922,10
1513959,10
1389291,10
1743307,10
1389233,10
1498118,10
1390270,9
1739203,9
1701520,9
1741802,9
1673056,9
1744001,9
1646231,9
1480731,9
1392940,9
1668617,9
1393563,9
1738583,9
1744316,9
1361354,9
1390426,9
1722432,9
1361416,9
1744811,9
1359564,9
1564259,9
1646236,9
1722568,9
1407920,9
1359759,9
1453529,9
1359770,9
1356765,9
1664742,9
1563748,9
1392289,9
1358862,9
1744410,9
1744162,9
1744471,9
1738786,9
1739043,9
1668573,9
1357651,9
1389080,9
1558278,9
1396193,9
1359014,9
1743925,9
1457868,9
1502707,9
1632962,9
1647155,9
1744218,9
1465444,9
1361200,9
1397091,9
1632939,9
1359406,9
1356325,9
1394330,9
1358554,9
1356407,9
1739064,9
1744534,9
1357806,9
1365482,9
1564596,9
1363043,9
1744795,9
1564287,9
1741562,9
1628842,9
1628954,9
1668749,9
1743754,9
1743970,9
1395127,9
1667093,9
1358568,9
1660692,9
1398699,9
1362195,9
1744424,8
1358547,8
1358187,8
1610808,8
1393668,8
1398764,8
1391781,8
1741711,8
1531358,8
1359967,8
1362133,8
1358128,8
1492519,8
1392291,8
1362367,8
1743702,8
1356950,8
1504116,8
1744505,8
1744427,8
1392892,8
1743248,8
1580587,8
1744352,8
1502797,8
1395608,8
1743648,8
1687979,8
1496696,8
1399929,8
1588802,8
1744366,8
1743138,8
1697320,8
1610802,8
1744642,8
1389342,8
1561314,8
1513980,8
1518936,8
1392477,8
1395504,8
1394696,8
1362998,8
1744021,8
1744031,8
1359509,8
1651358,8
1398689,8
1358123,8
1744715,8
1361387,8
1502458,8
1742895,8
1392051,8
1359697,8
1744028,8
1405355,8
1738683,8
1743399,8
1361517,8
1393852,8
1668685,8
1667780,8
1356845,8
1393979,8
1493208,8
1743398,8
1363273,8
1390469,8
1392264,8
1521556,8
1362458,8
1550152,8
1399688,8
1388790,8
1744389,8
1390158,8
1621534,8
1356798,7
1564301,7
1359800,7
1359225,7
1457213,7
1539461,7
1741560,7
1647270,7
1684220,7
1743660,7
1393992,7
1741752,7
1743550,7
1550140,7
1744169,7
1513193,7
1744145,7
1673181,7
1361571,7
1467321,7
1361405,7
1701822,7
1647299,7
1744008,7
1564438,7
1502640,7
1359386,7
1743890,7
1647164,7
1687883,7
1743259,7
1558601,7
1743297,7
1664156,7
1392508,7
1493082,7
1668024,7
1492693,7
1389559,7
1743258,7
1389956,7
1645890,7
1744677,7
1490238,7
1722604,7
1396531,7
1477930,7
1517471,7
1687981,7
1392256,7
1563230,7
1743936,7
1363052,7
1392044,7
1388906,7
1390643,7
1394915,7
1358880,7
1739061,7
1744612,7
1360337,7
1743456,7
1395470,7
1647281,7
1391447,7
1363069,7
1739219,7
1360355,7
1647506,7
1393849,7
1614893,7
1513963,7
1502948,7
1392452,7
1360289,7
1361170,7
1561178,7
1356811,7
1357446,7
1392147,7
1356736,7
1722659,7
1744467,6
1537649,6
1458419,6
1499638,6
1744867,6
1425344,6
1396569,6
1617185,6
1673119,6
1742675,6
1356708,6
1397386,6
1646050,6
1743427,6
1358967,6
1744527,6
1359104,6
1394672,6
1744191,6
1550197,6
1472367,6
1390244,6
1393174,6
1646736,6
1507261,6
1398792,6
1743958,6
1359157,6
1393356,6
1359418,6
1744864,6
1398827,6
1744890,6
1531432,6
1652252,6
1564352,6
1456747,6
1396123,6
1389017,6
1480601,6
1359833,6
1396339,6
1744384,6
1693472,6
1744603,6
1744375,6
1495419,6
1669246,6
1562391,6
1744297,6
1531137,6
1360372,6
1361215,6
1393087,6
1744351,6
1550214,6
1655379,6
1399498,6
1390421,6
1743583,6
1358523,6
1737502,6
1684273,6
1523325,6
1628904,6
1479537,6
1669567,6
1743922,6
1744019,6
1743996,6
1417738,6
1744185,6
1588647,6
1392075,6
1647338,6
1744067,6
1737439,6
1359215,6
1456867,6
1453563,6
1739082,6
1743376,6
1359054,6
1362968,6
1531614,6
1391764,6
1392260,6
1399643,6
1529395,6
1517627,6
1502557,6
1392177,6
1502923,6
1361344,6
1510328,6
1396599,6
1432734,6
1392159,6
1646256,6
1392826,6
1548182,6
1396647,6
1357189,6
1563296,6
1741616,6
1737657,6
1389814,6
1744362,6
1391784,6
1357003,6
1628824,6
1522501,6
1393492,6
1669151,6
1393062,6
1360815,6
1396587,6
1548487,6
1698925,6
1361618,6
1357028,6
1741775,6
1425347,6
1393772,6
1550263,6
1394586,6
1453532,6
1359353,5
1432776,5
1360504,5
1389234,5
1556685,5
1492046,5
1743324,5
1741956,5
1741617,5
1744234,5
1363586,5
1492778,5
1390388,5
1398820,5
1668694,5
1399056,5
1492957,5
1560679,5
1668473,5
1479524,5
1389401,5
1687895,5
1361464,5
1743223,5
1363254,5
1743449,5
1667671,5
1458364,5
1392341,5
1394668,5
1393964,5
1392494,5
1743315,5
1389986,5
1668689,5
1393973,5
1360672,5
1425193,5
1723185,5
1743426,5
1744310,5
1744326,5
1453510,5
1398244,5
1397086,5
1392318,5
1743544,5
1396565,5
1357175,5
1505544,5
1744936,5
1362502,5
1493722,5
1393569,5
1397779,5
1452695,5
1489237,5
1389425,5
1489328,5
1658958,5
1394678,5
1532190,5
1356581,5
1743275,5
1744536,5
1397316,5
1424343,5
1744834,5
1522573,5
1742630,5
1396379,5
1669173,5
1396315,5
1743255,5
1564354,5
1741908,5
1743429,5
1744356,5
1396279,5
1743436,5
1510061,5
1664444,5
1392194,5
1564323,5
1741901,5
1390132,5
1493061,5
1560388,5
1392175,5
1362320,5
1398780,5
1628850,5
1739096,5
1564493,5
1361579,5
1517630,5
1669100,5
1637419,5
1400079,5
1395645,5
1391233,5
1531482,5
1389744,5
1685292,5
1523343,5
1392218,5
1556901,5
1523006,5
1495474,5
1502533,5
1658600,5
1395704,5
1502831,4
1390392,4
1362227,4
1391054,4
1744063,4
1743518,4
1396290,4
1531522,4
1361169,4
1360525,4
1563735,4
1743987,4
1637710,4
1396523,4
1357172,4
1458029,4
1356349,4
1722566,4
1743535,4
1392229,4
1744418,4
1558251,4
1391213,4
1632950,4
1743349,4
1396294,4
1399730,4
1743526,4
1359786,4
1392307,4
1482315,4
1389010,4
1741790,4
1560870,4
1390349,4
1358424,4
1694387,4
1497825,4
1360678,4
1363368,4
1392492,4
1398722,4
1394674,4
1392099,4
1744868,4
1734381,4
1392755,4
1744452,4
1357904,4
1493646,4
1493449,4
1580588,4
1360594,4
1392290,4
1510670,4
1669044,4
1396998,4
1647263,4
1687978,4
1390365,4
1398411,4
1396266,4
1361619,4
1396570,4
1673285,4
1743446,4
1363422,4
1636853,4
1393499,4
1390226,4
1744635,4
1358831,4
1358830,4
1722670,4
1393462,4
1687885,4
1359228,4
1744365,4
1391070,4
1493558,4
1744241,4
1518933,4
1492109,4
1390137,4
1743699,4
1356832,4
1743406,4
1738830,4
1502862,4
1743812,4
1743405,4
1360473,4
1458369,4
1391668,4
1743930,4
1411495,4
1499345,4
1743140,4
1743243,4
1392331,4
1563707,4
1392772,4
1738578,4
1744207,4
1482049,4
1495441,4
1492739,4
1658641,4
1392201,4
1397083,4
1663449,4
1399273,4
1744393,4
1545581,4
1628867,4
1743424,4
1393548,4
1743496,4
1737546,4
1744625,4
1651204,4
1742851,4
1739040,4
1399118,4
1743447,4
1524876,4
1742532,4
1668976,4
1563697,4
1742070,4
1647153,4
1744208,4
1737718,3
1610794,3
1744658,3
1744048,3
1489106,3
1390465,3
1647161,3
1743257,3
1743443,3
1390533,3
1398988,3
1617143,3
1393574,3
1621527,3
1744525,3
1628862,3
1399364,3
1396604,3
1397558,3
1399019,3
1399083,3
1738887,3
1392258,3
1743523,3
1479520,3
1396556,3
1395609,3
1357589,3
1395369,3
1744497,3
1647173,3
1389646,3
1358186,3
1646043,3
1744396,3
1357450,3
1392330,3
1742074,3
1647291,3
1360659,3
1396538,3
1646126,3
1743515,3
1396520,3
1738661,3
1744315,3
1743437,3
1743253,3
1489087,3
1490546,3
1395593,3
1549086,3
1632987,3
1548680,3
1400155,3
1502543,3
1480750,3
1743918,3
1744049,3
1357595,3
1392298,3
1743748,3
1530979,3
1489803,3
1492113,3
1647154,3
1610807,3
1563172,3
1390818,3
1388765,3
1361263,3
1550154,3
1361167,3
1491368,3
1363562,3
1363067,3
1743904,3
1744379,3
1397235,3
1395021,3
1744198,3
1357125,3
1737489,3
1479530,3
1744306,3
1395514,3
1356795,3
1744204,3
1390362,3
1738795,3
1743790,3
1359824,3
1743421,3
1441066,3
1392314,3
1391111,3
1743814,3
1358263,3
1628801,3
1560897,3
1655933,3
1360418,3
1389659,3
1394596,3
1743309,3
1664940,3
1744293,3
1391774,3
1493486,3
1744618,3
1744481,3
1744473,3
1743227,3
1564554,3
1590996,3
1393712,3
1358012,3
1393095,3
1391077,3
1647150,3
1394818,3
1360291,3
1500391,3
1394843,3
1548389,3
1361175,3
1397831,3
1359375,3
1392181,3
1647350,3
1357739,3
1651013,3
1361298,3
1743507,3
1361466,3
1390127,3
1628960,3
1564555,3
1394053,3
1360382,3
1744531,3
1360746,3
1744197,3
1393544,3
1564646,3
1647248,3
1741787,3
1741985,3
1545580,3
1744041,3
1392006,3
1492055,3
1743799,3
1737547,3
1646671,3
1360675,3
1743933,3
1744325,3
1399490,3
1359388,2
1452249,2
1531098,2
1502387,2
1362210,2
1744643,2
1646244,2
1393923,2
1392035,2
1361183,2
1363079,2
1744373,2
1610791,2
1531697,2
1564334,2
1743385,2
1357590,2
1743560,2
1479766,2
1392839,2
1744800,2
1651240,2
1744015,2
1664678,2
1564466,2
1646045,2
1744526,2
1529112,2
1651053,2
1744521,2
1473216,2
1398443,2
1562548,2
1493662,2
1743389,2
1673309,2
1655313,2
1361768,2
1738632,2
1478566,2
1400105,2
1741954,2
1363354,2
1651427,2
1647186,2
1357335,2
1392270,2
1547096,2
1393474,2
1722525,2
1392488,2
1477194,2
1502212,2
1744611,2
1743980,2
1632961,2
1573015,2
1744216,2
1651357,2
1632951,2
1399531,2
1721521,2
1658959,2
1389612,2
1651877,2
1399323,2
1420566,2
1389557,2
1743474,2
1651114,2
1393353,2
1737432,2
1564618,2
1390662,2
1396606,2
1356814,2
1397496,2
1743311,2
1545700,2
1394312,2
1743219,2
1744545,2
1492461,2
1743218,2
1743370,2
1453506,2
1361266,2
1647823,2
1389983,2
1647135,2
1390534,2
1502086,2
1744498,2
1744844,2
1744530,2
1739072,2
1737563,2
1390055,2
1743525,2
1493714,2
1744374,2
1407770,2
1741554,2
1744176,2
1390467,2
1647236,2
1419963,2
1395483,2
1359180,2
1357584,2
1359796,2
1502123,2
1399779,2
1657246,2
1399827,2
1743319,2
1394625,2
1578588,2
1400172,2
1743760,2
1664603,2
1479995,2
1564337,2
1744319,2
1359407,2
1666622,2
1396682,2
1414059,2
1545592,2
1435579,2
1687875,2
1743704,2
1742174,2
1359022,2
1359822,2
1389400,2
1493381,1
1393310,1
1743973,1
1673405,1
1395724,1
1738785,1
1548508,1
1628807,1
1743612,1
1392890,1
1737552,1
1743986,1
1651113,1
1560392,1
1651142,1
1610814,1
1356885,1
1492736,1
1358537,1
1359358,1
1548249,1
1653823,1
1396600,1
1744855,1
1393503,1
1744413,1
1743228,1
1651061,1
1510341,1
1399768,1
1689257,1
1493678,1
1744309,1
1741758,1
1400037,1
1358118,1
1489066,1
1610809,1
1489808,1
1397833,1
1744147,1
1357858,1
1742571,1
1362113,1
1517496,1
1456505,1
1395106,1
1743639,1
1548094,1
1744392,1
1744511,1
1396553,1
1361761,1
1647315,1
1743516,1
1390541,1
1578113,1
1744402,1
1359140,1
1743231,1
1523597,1
1505488,1
1389818,1
1744480,1
1555195,1
1564609,1
1398453,1
1668620,1
1357866,1
1743294,1
1392097,1
1666441,1
1452360,1
1395074,1
1742165,1
1564351,1
1520379,1
1743781,1
1478565,1
1743786,1
1391514,1
1361139,1
1531035,1
1392315,1
1738690,1
1744551,1
1744412,1
1393553,1
1395166,1
1359609,1
1361138,1
1467324,1
1722704,1
1647166,1
1392336,1
1743472,1
1743905,1
1743927,1
1743533,1
1451490,1
1502791,1
1361444,1
1495430,1
1743164,1
1743676,1
1742054,1
1564296,1
1744170,1
1389555,1
1646226,1
1744003,1
1357151,1
1390369,1
1651322,1
1400111,1
1359011,1
1557427,1
1688110,1
1392089,1
1396860,1
1744368,1
1452078,1
1395213,1
1398247,1
1389687,1
1544785,1
1360171,1
1738603,1
1531436,1
1743957,1
1359962,1
1531441,1
1465436,1
1744937,1
1743567,1
1399148,1
1502800,1
1392852,1
1389135,1
1392317,1
1744380,1
1652226,1
1563755,1
1363881,1
1742026,1
1743306,1
1492738,1
1647141,1
1359199,1
1564726,1
1651267,1
1564310,1
1358191,1
1588800,1
1744077,1
1453509,1
1741922,1
1744233,1
1687898,1
1399589,1
1738796,1
1394329,1
1523071,1
1481527,1
1744678,1
1477204,1
1399736,1
1743355,1
1457840,1
1654025,1
1519429,1
1743643,1
1560618,1
1563496,1
1492610,1
1450786,1
1744833,1
1393914,1
1564457,1
1647348,1
1738585,1
1390367,1
1743357,1
1392081,1
1743825,1
1392394,1
1663927,1
